<?xml version="1.0"?>
<doc>
    <assembly>
        <name>Netnr.ResponseFramework</name>
    </assembly>
    <members>
        <member name="T:Netnr.ResponseFramework.ViewComponents.ButtonViewComponent">
            <summary>
            按钮视图组件
            </summary>
        </member>
        <member name="M:Netnr.ResponseFramework.ViewComponents.ButtonViewComponent.Invoke">
            <summary>
            按钮组件
            </summary>
            <returns></returns>
        </member>
        <member name="T:Netnr.ResponseFramework.Components.FormViewComponent">
            <summary>
            表单视图组件
            </summary>
        </member>
        <member name="M:Netnr.ResponseFramework.Components.FormViewComponent.InvokeAsync(Netnr.Func.ViewModel.InvokeFormVM)">
            <summary>
            表单、单据 组件
            </summary>
            <param name="vm">表单组件参数</param>
            <returns></returns>
        </member>
        <member name="T:Netnr.ResponseFramework.Controllers.AccountController">
            <summary>
            账号
            </summary>
        </member>
        <member name="M:Netnr.ResponseFramework.Controllers.AccountController.Captcha">
            <summary>
            生成登录验证码
            </summary>
            <returns></returns>
        </member>
        <member name="M:Netnr.ResponseFramework.Controllers.AccountController.Login">
            <summary>
            登录页面
            </summary>
            <returns></returns>
        </member>
        <member name="M:Netnr.ResponseFramework.Controllers.AccountController.LoginValidation(Netnr.Domain.SysUser,System.String,System.Int32)">
            <summary>
            登录验证
            </summary>
            <param name="mo"></param>
            <param name="captcha">验证码</param>
            <param name="remember">1记住登录状态</param>
            <returns></returns>
        </member>
        <member name="M:Netnr.ResponseFramework.Controllers.AccountController.Logout">
            <summary>
            注销
            </summary>
            <returns></returns>
        </member>
        <member name="M:Netnr.ResponseFramework.Controllers.AccountController.UpdatePassword">
            <summary>
            修改密码页面
            </summary>
            <returns></returns>
        </member>
        <member name="M:Netnr.ResponseFramework.Controllers.AccountController.UpdateNewPassword(System.String,System.String,System.String)">
            <summary>
            修改为新的密码
            </summary>
            <param name="oldpwd">现有</param>
            <param name="newpwd1">新</param>
            <param name="newpwd2"></param>
            <returns></returns>
        </member>
        <member name="T:Netnr.ResponseFramework.Controllers.CommonController">
            <summary>
            公共、常用查询
            </summary>
        </member>
        <member name="M:Netnr.ResponseFramework.Controllers.CommonController.QueryMenu(System.String)">
            <summary>
            公共查询：菜单树
            </summary>
            <param name="type"></param>
            <returns></returns>
        </member>
        <member name="M:Netnr.ResponseFramework.Controllers.CommonController.QueryButtonTree">
            <summary>
            公共查询：功能按钮树
            </summary>
            <returns></returns>
        </member>
        <member name="M:Netnr.ResponseFramework.Controllers.CommonController.QueryRole">
            <summary>
            公共查询：角色列表
            </summary>
            <returns></returns>
        </member>
        <member name="M:Netnr.ResponseFramework.Controllers.CommonController.QueryDictionaryDemo">
            <summary>
            公共查询：查询数据字典的例子
            </summary>
            <returns></returns>
        </member>
        <member name="M:Netnr.ResponseFramework.Controllers.CommonController.Upload(System.Nullable{System.Int32},System.String)">
            <summary>
            公共上传，支持同时上传多个
            </summary>
            <param name="temp">temp=1,表示临时文件</param>
            <param name="path">upload下自定义子目录，如：doc</param>
            <returns></returns>
        </member>
        <member name="M:Netnr.ResponseFramework.Controllers.CommonController.UploadRich">
            <summary>
            公共上传，富文本附件，限制大小2MB
            </summary>
            <returns></returns>
        </member>
        <member name="T:Netnr.ResponseFramework.Controllers.HomeController">
            <summary>
            起始页
            
            注意：该页面勿写接口
            </summary>
        </member>
        <member name="M:Netnr.ResponseFramework.Controllers.HomeController.Index">
            <summary>
            首页
            </summary>
            <returns></returns>
        </member>
        <member name="M:Netnr.ResponseFramework.Controllers.HomeController.Desk">
            <summary>
            桌面
            </summary>
            <returns></returns>
        </member>
        <member name="M:Netnr.ResponseFramework.Controllers.HomeController.UpdateBrowser">
            <summary>
            请升级你的浏览器
            </summary>
            <returns></returns>
        </member>
        <member name="M:Netnr.ResponseFramework.Controllers.HomeController.Guide">
            <summary>
            向导
            </summary>
            <returns></returns>
        </member>
        <member name="T:Netnr.ResponseFramework.Controllers.InlayController">
            <summary>
            公共组件、视图
            </summary>
        </member>
        <member name="M:Netnr.ResponseFramework.Controllers.InlayController.QueryConfigTable(QueryDataInputVM)">
            <summary>
            查询配置表格
            </summary>
            <param name="ivm"></param>
            <returns></returns>
        </member>
        <member name="M:Netnr.ResponseFramework.Controllers.InlayController.SaveConfigTable(System.String,System.String)">
            <summary>
            保存配置表格
            </summary>
            <param name="rows">配置JSON</param>
            <param name="tablename">虚拟表名</param>
            <returns></returns>
        </member>
        <member name="M:Netnr.ResponseFramework.Controllers.InlayController.SaveConfigForm(System.String,System.String)">
            <summary>
            保存配置表单
            </summary>
            <param name="rows">配置JSON</param>
            <param name="tablename">虚拟表名</param>
            <returns></returns>
        </member>
        <member name="T:Netnr.ResponseFramework.Controllers.IOController">
            <summary>
            输入输出
            </summary>
        </member>
        <member name="M:Netnr.ResponseFramework.Controllers.IOController.Export(QueryDataInputVM,System.String)">
            <summary>
            公共导出
            </summary>
            <param name="ivm"></param>
            <param name="title">标题，文件名</param>
            <returns></returns>
        </member>
        <member name="M:Netnr.ResponseFramework.Controllers.IOController.ExportDown(System.String)">
            <summary>
            导出下载
            </summary>
            <param name="path">下载文件路径</param>
        </member>
        <member name="T:Netnr.ResponseFramework.Controllers.RFController">
            <summary>
            示例，请删除
            </summary>
        </member>
        <member name="M:Netnr.ResponseFramework.Controllers.RFController.Tce">
            <summary>
            表配置示例页面
            </summary>
            <returns></returns>
        </member>
        <member name="M:Netnr.ResponseFramework.Controllers.RFController.QueryTempExample(QueryDataInputVM)">
            <summary>
            查询表配置示例
            </summary>
            <param name="ivm"></param>
            <returns></returns>
        </member>
        <member name="M:Netnr.ResponseFramework.Controllers.RFController.DataGrid">
            <summary>
            DataGrid示例页面
            </summary>
            <returns></returns>
        </member>
        <member name="M:Netnr.ResponseFramework.Controllers.RFController.QuerySysTableConfig(QueryDataInputVM)">
            <summary>
            查询表配置
            </summary>
            <param name="ivm"></param>
            <returns></returns>
        </member>
        <member name="M:Netnr.ResponseFramework.Controllers.RFController.TreeGrid(System.String)">
            <summary>
            TreeGrid示例页面
            </summary>
            <param name="id"></param>
            <returns></returns>
        </member>
        <member name="M:Netnr.ResponseFramework.Controllers.RFController.QuerySysMenu(QueryDataInputVM)">
            <summary>
            查询系统菜单
            </summary>
            <param name="ivm"></param>
            <returns></returns>
        </member>
        <member name="M:Netnr.ResponseFramework.Controllers.RFController.GridChange">
            <summary>
            Grid表格联动
            </summary>
            <returns></returns>
        </member>
        <member name="M:Netnr.ResponseFramework.Controllers.RFController.QueryGridChange1(QueryDataInputVM)">
            <summary>
            Grid多表格-主表
            </summary>
            <param name="ivm"></param>
            <returns></returns>
        </member>
        <member name="M:Netnr.ResponseFramework.Controllers.RFController.QueryGridChange2(QueryDataInputVM)">
            <summary>
            Grid多表格-子表
            </summary>
            <param name="ivm"></param>
            <returns></returns>
        </member>
        <member name="M:Netnr.ResponseFramework.Controllers.RFController.Form">
            <summary>
            静态表单示例页面
            </summary>
            <returns></returns>
        </member>
        <member name="M:Netnr.ResponseFramework.Controllers.RFController.BuildForms">
            <summary>
            生成多表单
            </summary>
            <returns></returns>
        </member>
        <member name="M:Netnr.ResponseFramework.Controllers.RFController.Invoice">
            <summary>
            单据
            </summary>
            <returns></returns>
        </member>
        <member name="M:Netnr.ResponseFramework.Controllers.RFController.QueryInvoiceMain(QueryDataInputVM)">
            <summary>
            查询单据主表
            </summary>
            <param name="ivm"></param>
            <returns></returns>
        </member>
        <member name="M:Netnr.ResponseFramework.Controllers.RFController.QueryInvoiceDetail(QueryDataInputVM)">
            <summary>
            查询单据明细表
            </summary>
            <param name="ivm"></param>
            <returns></returns>
        </member>
        <member name="M:Netnr.ResponseFramework.Controllers.RFController.SaveInvoiceForm(Netnr.Domain.TempInvoiceMain,System.String)">
            <summary>
            保存单据
            </summary>
            <param name="moMain"></param>
            <param name="rows"></param>
            <returns></returns>
        </member>
        <member name="M:Netnr.ResponseFramework.Controllers.RFController.Upload">
            <summary>
            公共上传示例
            </summary>
            <returns></returns>
        </member>
        <member name="M:Netnr.ResponseFramework.Controllers.RFController.RichText">
            <summary>
            嵌入富文本
            </summary>
            <returns></returns>
        </member>
        <member name="M:Netnr.ResponseFramework.Controllers.RFController.BulkInsert">
            <summary>
            批量新增
            </summary>
            <returns></returns>
        </member>
        <member name="M:Netnr.ResponseFramework.Controllers.RFController.BulkUpdate">
            <summary>
            批量修改
            </summary>
            <returns></returns>
        </member>
        <member name="M:Netnr.ResponseFramework.Controllers.RFController.BulkDelete">
            <summary>
            批量删除
            </summary>
            <returns></returns>
        </member>
        <member name="T:Netnr.ResponseFramework.Controllers.ServicesController">
            <summary>
            服务
            </summary>
        </member>
        <member name="T:Netnr.ResponseFramework.Controllers.ServicesController.TaskItem">
            <summary>
            任务项
            </summary>
        </member>
        <member name="F:Netnr.ResponseFramework.Controllers.ServicesController.TaskItem.ResetDataBase">
            <summary>
            重置数据库
            </summary>
        </member>
        <member name="F:Netnr.ResponseFramework.Controllers.ServicesController.TaskItem.ClearTemp">
            <summary>
            清理临时目录
            </summary>
        </member>
        <member name="M:Netnr.ResponseFramework.Controllers.ServicesController.ExecTask">
            <summary>
            执行任务项，支持名称或索引
            </summary>
            <returns></returns>
        </member>
        <member name="T:Netnr.ResponseFramework.Controllers.SettingController">
            <summary>
            系统设置
            </summary>
        </member>
        <member name="M:Netnr.ResponseFramework.Controllers.SettingController.SysButton">
            <summary>
            系统按钮页面
            </summary>
            <returns></returns>
        </member>
        <member name="M:Netnr.ResponseFramework.Controllers.SettingController.QuerySysButton(QueryDataInputVM)">
            <summary>
            查询系统按钮
            </summary>
            <param name="ivm"></param>
            <returns></returns>
        </member>
        <member name="M:Netnr.ResponseFramework.Controllers.SettingController.SaveSysButton(Netnr.Domain.SysButton,System.String)">
            <summary>
            保存系统按钮
            </summary>
            <param name="mo"></param>
            <param name="savetype">保存类型</param>
            <returns></returns>
        </member>
        <member name="M:Netnr.ResponseFramework.Controllers.SettingController.DelSysButton(System.String)">
            <summary>
            删除系统按钮
            </summary>
            <param name="id">按钮ID</param>
            <returns></returns>
        </member>
        <member name="M:Netnr.ResponseFramework.Controllers.SettingController.SysMenu">
            <summary>
            系统菜单页面
            </summary>
            <returns></returns>
        </member>
        <member name="M:Netnr.ResponseFramework.Controllers.SettingController.QuerySysMenu(QueryDataInputVM)">
            <summary>
            查询系统菜单
            </summary>
            <param name="ivm"></param>
            <returns></returns>
        </member>
        <member name="M:Netnr.ResponseFramework.Controllers.SettingController.SaveSysMenu(Netnr.Domain.SysMenu,System.String)">
            <summary>
            保存系统菜单
            </summary>
            <param name="mo"></param>
            <param name="savetype"></param>
            <returns></returns>
        </member>
        <member name="M:Netnr.ResponseFramework.Controllers.SettingController.DelSysMenu(System.String)">
            <summary>
            删除系统菜单
            </summary>
            <param name="id">菜单ID</param>
            <returns></returns>
        </member>
        <member name="M:Netnr.ResponseFramework.Controllers.SettingController.SysRole">
            <summary>
            系统角色页面
            </summary>
            <returns></returns>
        </member>
        <member name="M:Netnr.ResponseFramework.Controllers.SettingController.QuerySysRole(QueryDataInputVM)">
            <summary>
            查询系统角色
            </summary>
            <param name="ivm"></param>
            <returns></returns>
        </member>
        <member name="M:Netnr.ResponseFramework.Controllers.SettingController.SaveSysRole(Netnr.Domain.SysRole,System.String)">
            <summary>
            保存系统角色
            </summary>
            <param name="mo"></param>
            <param name="savetype"></param>
            <returns></returns>
        </member>
        <member name="M:Netnr.ResponseFramework.Controllers.SettingController.CopySysRoleAuth(Netnr.Domain.SysRole,System.String)">
            <summary>
            复制角色权限
            </summary>
            <param name="mo"></param>
            <param name="copyid">复制的角色ID</param>
            <returns></returns>
        </member>
        <member name="M:Netnr.ResponseFramework.Controllers.SettingController.DelSysRole(System.String)">
            <summary>
            删除系统角色
            </summary>
            <param name="id">角色ID</param>
            <returns></returns>
        </member>
        <member name="M:Netnr.ResponseFramework.Controllers.SettingController.SysUser">
            <summary>
            系统用户页面
            </summary>
            <returns></returns>
        </member>
        <member name="M:Netnr.ResponseFramework.Controllers.SettingController.QuerySysUser(QueryDataInputVM)">
            <summary>
            查询系统用户
            </summary>
            <param name="ivm"></param>
            <returns></returns>
        </member>
        <member name="M:Netnr.ResponseFramework.Controllers.SettingController.SaveSysUser(Netnr.Domain.SysUser,System.String,System.String)">
            <summary>
            保存系统用户
            </summary>
            <param name="mo"></param>
            <param name="savetype"></param>
            <param name="OldUserPwd">原密码，有变化代表为改密码</param>
            <returns></returns>
        </member>
        <member name="M:Netnr.ResponseFramework.Controllers.SettingController.DelSysUser(System.String)">
            <summary>
            删除系统用户
            </summary>
            <param name="id">用户ID</param>
            <returns></returns>
        </member>
        <member name="M:Netnr.ResponseFramework.Controllers.SettingController.SysLog">
            <summary>
            系统日志页面
            </summary>
            <returns></returns>
        </member>
        <member name="M:Netnr.ResponseFramework.Controllers.SettingController.QuerySysLog(QueryDataInputVM)">
            <summary>
            查询系统日志
            </summary>
            <param name="ivm"></param>
            <returns></returns>
        </member>
        <member name="M:Netnr.ResponseFramework.Controllers.SettingController.SysDictionary">
            <summary>
            系统数据字典
            </summary>
            <returns></returns>
        </member>
        <member name="M:Netnr.ResponseFramework.Controllers.SettingController.QuerySysDictionary(QueryDataInputVM)">
            <summary>
            查询系统数据字典
            </summary>
            <param name="ivm"></param>
            <returns></returns>
        </member>
        <member name="M:Netnr.ResponseFramework.Controllers.SettingController.SaveSysDictionary(Netnr.Domain.SysDictionary,System.String)">
            <summary>
            保存数据字典
            </summary>
            <param name="mo"></param>
            <param name="savetype"></param>
            <returns></returns>
        </member>
        <member name="M:Netnr.ResponseFramework.Controllers.SettingController.DelSysDictionary(System.String)">
            <summary>
            逻辑删除数据字典
            </summary>
            <param name="id">字典ID</param>
            <returns></returns>
        </member>
        <member name="M:Netnr.ResponseFramework.Controllers.SettingController.SysTableConfig">
            <summary>
            系统表配置页面
            </summary>
            <returns></returns>
        </member>
        <member name="M:Netnr.ResponseFramework.Controllers.SettingController.QuerySysTableConfig(QueryDataInputVM)">
            <summary>
            查询表配置
            </summary>
            <param name="ivm"></param>
            <returns></returns>
        </member>
        <member name="M:Netnr.ResponseFramework.Controllers.SettingController.SaveSysTableConfig(Netnr.Domain.SysTableConfig,System.Collections.Generic.List{System.String},System.String)">
            <summary>
            保存表配置
            </summary>
            <param name="mo"></param>
            <param name="ColRelation">关系符</param>
            <param name="savetype"></param>
            <returns></returns>
        </member>
        <member name="M:Netnr.ResponseFramework.Controllers.SettingController.DelSysTableConfig(System.String)">
            <summary>
            删除表配置
            </summary>
            <param name="id"></param>
            <returns></returns>
        </member>
        <member name="M:Netnr.ResponseFramework.Controllers.SettingController.SysStyle">
            <summary>
            样式配置页面
            </summary>
            <returns></returns>
        </member>
        <member name="T:Netnr.ResponseFramework.Controllers.TestController">
            <summary>
            测试
            </summary>
        </member>
        <member name="M:Netnr.ResponseFramework.Controllers.TestController.Index">
            <summary>
            系统字典表页面
            </summary>
            <returns></returns>
        </member>
        <member name="T:Netnr.ResponseFramework.Controllers.ToolController">
            <summary>
            工具
            </summary>
        </member>
        <member name="M:Netnr.ResponseFramework.Controllers.ToolController.TableManage">
            <summary>
            表管理
            </summary>
            <returns></returns>
        </member>
        <member name="M:Netnr.ResponseFramework.Controllers.ToolController.QueryScripts(System.String,System.String)">
            <summary>
            获取scripts
            </summary>
            <param name="typedb">数据库类型</param>
            <param name="cmd"></param>
            <returns></returns>
        </member>
        <member name="M:Netnr.ResponseFramework.Controllers.ToolController.QueryTableConfig(QueryDataInputVM)">
            <summary>
            查询数据库表与表配置信息
            </summary>
            <param name="ivm"></param>
            <returns></returns>
        </member>
        <member name="M:Netnr.ResponseFramework.Controllers.ToolController.BuildTableConfig(System.String,System.Int32)">
            <summary>
            建立表配置信息
            </summary>
            <param name="names">表名，逗号分割</param>
            <param name="maketype">1追加不存在的列，2覆盖</param>
            <returns></returns>
        </member>
        <member name="M:Netnr.ResponseFramework.Controllers.ToolController.RepairTableConfig(System.String)">
            <summary>
            补齐表配置信息
            </summary>
            <param name="names"></param>
            <returns></returns>
        </member>
        <member name="M:Netnr.ResponseFramework.Controllers.ToolController.QueryTableInfo(System.String)">
            <summary>
            查询数据库表信息
            </summary>
            <param name="names">表名，逗号分割</param>
            <returns></returns>
        </member>
        <member name="M:Netnr.ResponseFramework.Controllers.ToolController.ExportTableInfo(System.String)">
            <summary>
            导出表设计
            </summary>
            <param name="names"></param>
            <returns></returns>
        </member>
        <member name="M:Netnr.ResponseFramework.Controllers.ToolController.SaveGenerateCode(System.String,System.String,System.String,System.String)">
            <summary>
            保存生成的代码
            </summary>
            <param name="name">视图名称</param>
            <param name="controller">控制器名称</param>
            <param name="view">视图内容</param>
            <param name="javascript">视图页面脚本内容</param>
            <returns></returns>
        </member>
        <member name="M:Netnr.ResponseFramework.Controllers.ToolController.ResetDataBaseForJson">
            <summary>
            根据JSON数据重置数据库
            </summary>
            <returns></returns>
        </member>
        <member name="M:Netnr.ResponseFramework.Controllers.ToolController.BackupDataBaseAsJson">
            <summary>
            数据库备份数据为JSON
            </summary>
            <returns></returns>
        </member>
        <member name="M:Netnr.ResponseFramework.Controllers.ToolController.ServerInfo">
            <summary>
            服务器信息
            </summary>
            <returns></returns>
        </member>
        <member name="M:Netnr.ResponseFramework.Controllers.ToolController.QueryServerInfo">
            <summary>
            查询服务器信息
            </summary>
            <returns></returns>
        </member>
        <member name="T:Netnr.ResponseFramework.Filters.FilterConfigs">
            <summary>
            过滤器
            
            能 实现一个过滤器接口，要么是同步版本的，要么是异步版本的，鱼和熊掌不可兼得 。
            如果你需要在接口中执行异步工作，那么就去实现异步接口。否则应该实现同步版本的接口。
            框架会首先检查是不是实现了异步接口，如果实现了异步接口，那么将调用它。
            不然则调用同步接口的方法。如果一个类中实现了两个接口，那么只有异步方法会被调用。
            最后，不管 action 是同步的还是异步的，过滤器的同步或是异步是独立于 action 的
            </summary>
        </member>
        <member name="T:Netnr.ResponseFramework.Filters.FilterConfigs.ErrorActionFilter">
            <summary>
            全局错误处理
            </summary>
        </member>
        <member name="T:Netnr.ResponseFramework.Filters.FilterConfigs.GlobalActionAttribute">
            <summary>
            全局访问过滤器
            </summary>
        </member>
    </members>
</doc>
