﻿{"code":0,"msg":null,"data":{"SysButton":[{"SbId":"26008EAA-4ED7-46E0-8BBF-DCF1472397E0","SbPid":"00000000-0000-0000-0000-000000000000","SbBtnText":"批处理","SbBtnId":"m_Batch","SbBtnClass":"btn btn-sm btn-danger","SbBtnIcon":"fa fa-paint-brush","SbBtnOrder":40,"SbStatus":1,"SbDescribe":null,"SbBtnGroup":1,"SbBtnHide":null},{"SbId":"3636B071-CE52-4551-BA67-4F982D14CD7C","SbPid":"00000000-0000-0000-0000-000000000000","SbBtnText":"导入","SbBtnId":"m_Import","SbBtnClass":"btn btn-primary","SbBtnIcon":"fa fa-level-up","SbBtnOrder":74,"SbStatus":1,"SbDescribe":null,"SbBtnGroup":1,"SbBtnHide":-1},{"SbId":"3B4EBAB9-F2A5-43C8-8BCB-94B9A3AA5131","SbPid":"00000000-0000-0000-0000-000000000000","SbBtnText":"删除","SbBtnId":"m_Del","SbBtnClass":"btn btn-sm  btn-danger","SbBtnIcon":"fa fa-remove","SbBtnOrder":4,"SbStatus":1,"SbDescribe":null,"SbBtnGroup":1,"SbBtnHide":null},{"SbId":"3C6F626F-8D8E-46EE-B02A-0C90CFA90E02","SbPid":"00000000-0000-0000-0000-000000000000","SbBtnText":"启用","SbBtnId":"m_Start","SbBtnClass":"btn btn-sm  btn-success","SbBtnIcon":"fa fa-play","SbBtnOrder":9,"SbStatus":1,"SbDescribe":"","SbBtnGroup":1,"SbBtnHide":null},{"SbId":"4674735D-B762-4876-8DE1-31AD7CD023F4","SbPid":"00000000-0000-0000-0000-000000000000","SbBtnText":"作废","SbBtnId":"m_Void","SbBtnClass":"btn btn-sm  btn-default","SbBtnIcon":"fa fa-trash","SbBtnOrder":12,"SbStatus":1,"SbDescribe":"","SbBtnGroup":1,"SbBtnHide":null},{"SbId":"4FC96135-26B5-46D7-B809-747AD71F2A21","SbPid":"D2B8534F-D435-4E39-AC9D-4294AFC492DB","SbBtnText":"表单配置","SbBtnId":"list_Config_Form","SbBtnClass":"","SbBtnIcon":"fa fa-table orange","SbBtnOrder":92,"SbStatus":1,"SbDescribe":"","SbBtnGroup":4,"SbBtnHide":null},{"SbId":"58F7DA5E-37F8-4648-80F3-998E702A4D91","SbPid":"00000000-0000-0000-0000-000000000000","SbBtnText":"批量启用","SbBtnId":"m_Batch_Start","SbBtnClass":"btn btn-success","SbBtnIcon":"fa fa-play","SbBtnOrder":41,"SbStatus":1,"SbDescribe":"批处理功能按钮，以 m_Batch_ 开头","SbBtnGroup":1,"SbBtnHide":1},{"SbId":"5C1A8DE4-F0EC-4795-AF48-6F0C97EB940E","SbPid":"00000000-0000-0000-0000-000000000000","SbBtnText":"查看","SbBtnId":"m_See","SbBtnClass":"btn btn-sm  btn-primary","SbBtnIcon":"fa fa-credit-card","SbBtnOrder":5,"SbStatus":1,"SbDescribe":null,"SbBtnGroup":1,"SbBtnHide":null},{"SbId":"609287B6-4B59-4E59-A822-B8C1087BB603","SbPid":"00000000-0000-0000-0000-000000000000","SbBtnText":"导出","SbBtnId":"m_Export","SbBtnClass":"btn btn-success","SbBtnIcon":"fa fa-level-down","SbBtnOrder":75,"SbStatus":1,"SbDescribe":null,"SbBtnGroup":1,"SbBtnHide":-1},{"SbId":"73CF6246-4429-4EF2-A0DA-F86F96B9BEBB","SbPid":"00000000-0000-0000-0000-000000000000","SbBtnText":"批量停用","SbBtnId":"m_Batch_Stop","SbBtnClass":"btn btn-danger","SbBtnIcon":"fa fa-stop","SbBtnOrder":42,"SbStatus":1,"SbDescribe":null,"SbBtnGroup":1,"SbBtnHide":1},{"SbId":"7ca5f9e0-9435-42d9-afe6-f388bd6c7b3a","SbPid":"00000000-0000-0000-0000-000000000000","SbBtnText":"全屏","SbBtnId":"m_Full_Screen","SbBtnClass":"btn btn-default pull-right","SbBtnIcon":"fa fa-arrows-alt","SbBtnOrder":0,"SbStatus":1,"SbDescribe":"居右时，排序最前面展示效果更佳","SbBtnGroup":1,"SbBtnHide":-1},{"SbId":"807FF920-37AA-40F7-92BC-3FC894D4D7A3","SbPid":"00000000-0000-0000-0000-000000000000","SbBtnText":"批量删除","SbBtnId":"m_Batch_Del","SbBtnClass":"btn btn-danger","SbBtnIcon":"fa fa-remove","SbBtnOrder":45,"SbStatus":1,"SbDescribe":null,"SbBtnGroup":1,"SbBtnHide":1},{"SbId":"85C51241-19D1-4BD0-A35B-DB570ACD0E85","SbPid":"00000000-0000-0000-0000-000000000000","SbBtnText":"打印","SbBtnId":"m_Print","SbBtnClass":"btn btn-danger","SbBtnIcon":"fa fa-print","SbBtnOrder":76,"SbStatus":1,"SbDescribe":null,"SbBtnGroup":3,"SbBtnHide":null},{"SbId":"90ED8666-0961-426D-B582-E08C43EEE9E1","SbPid":"00000000-0000-0000-0000-000000000000","SbBtnText":"增加","SbBtnId":"m_Add","SbBtnClass":"btn btn-sm btn-primary","SbBtnIcon":"fa fa-plus","SbBtnOrder":2,"SbStatus":1,"SbDescribe":null,"SbBtnGroup":1,"SbBtnHide":null},{"SbId":"936D642A-CD7B-4A0E-837F-B4630A1BE894","SbPid":"00000000-0000-0000-0000-000000000000","SbBtnText":"参数设置","SbBtnId":"m_ParaSet","SbBtnClass":"btn btn-sm  btn-success","SbBtnIcon":"fa fa-gear","SbBtnOrder":15,"SbStatus":1,"SbDescribe":"","SbBtnGroup":1,"SbBtnHide":null},{"SbId":"99A7F6EB-69BD-4167-B647-B10D3E12A3F3","SbPid":"00000000-0000-0000-0000-000000000000","SbBtnText":"修改","SbBtnId":"m_Edit","SbBtnClass":"btn btn-sm btn-warning","SbBtnIcon":"fa fa-edit","SbBtnOrder":3,"SbStatus":1,"SbDescribe":null,"SbBtnGroup":1,"SbBtnHide":null},{"SbId":"9B2265A4-A01F-48E8-9373-A6A294FCC1B7","SbPid":"00000000-0000-0000-0000-000000000000","SbBtnText":"关闭批处理","SbBtnId":"m_Batch_Close","SbBtnClass":"btn btn-info","SbBtnIcon":"fa fa-mail-reply","SbBtnOrder":47,"SbStatus":1,"SbDescribe":null,"SbBtnGroup":1,"SbBtnHide":1},{"SbId":"9BD9FE69-430B-4754-BF00-1DE1D117C384","SbPid":"00000000-0000-0000-0000-000000000000","SbBtnText":"停用","SbBtnId":"m_Stop","SbBtnClass":"btn btn-sm  btn-warning","SbBtnIcon":"fa fa-stop","SbBtnOrder":10,"SbStatus":1,"SbDescribe":"","SbBtnGroup":1,"SbBtnHide":null},{"SbId":"9F128382-9A3E-42FB-89E7-D12E5D581584","SbPid":"00000000-0000-0000-0000-000000000000","SbBtnText":"弃废","SbBtnId":"m_UnVoid","SbBtnClass":"btn btn-sm  btn-danger","SbBtnIcon":"fa fa-reply","SbBtnOrder":13,"SbStatus":1,"SbDescribe":"","SbBtnGroup":1,"SbBtnHide":null},{"SbId":"A04A57A2-014C-4D47-A6A2-B5018ED286CB","SbPid":"00000000-0000-0000-0000-000000000000","SbBtnText":"刷新","SbBtnId":"m_Reload","SbBtnClass":"btn btn-sm  btn-info","SbBtnIcon":"fa fa-refresh","SbBtnOrder":39,"SbStatus":1,"SbDescribe":"","SbBtnGroup":1,"SbBtnHide":null},{"SbId":"a26aa1f9-1a8d-4a0f-a222-83c8470d86aa","SbPid":"00000000-0000-0000-0000-000000000000","SbBtnText":"复制权限","SbBtnId":"m_CAuth","SbBtnClass":"btn btn-sm btn-warning","SbBtnIcon":"fa fa-copy","SbBtnOrder":16,"SbStatus":1,"SbDescribe":null,"SbBtnGroup":1,"SbBtnHide":null},{"SbId":"ACD7FC7F-DE75-4502-B619-CF6BDA16CB9A","SbPid":"00000000-0000-0000-0000-000000000000","SbBtnText":"权限控制","SbBtnId":"m_Auth","SbBtnClass":"btn btn-sm  btn-success","SbBtnIcon":"fa fa-gear","SbBtnOrder":14,"SbStatus":1,"SbDescribe":null,"SbBtnGroup":1,"SbBtnHide":null},{"SbId":"AE0D0298-FE28-405F-82AB-00E310FFE9C2","SbPid":"D2B8534F-D435-4E39-AC9D-4294AFC492DB","SbBtnText":"表格配置","SbBtnId":"list_Config_Table","SbBtnClass":"","SbBtnIcon":"fa fa-table orange","SbBtnOrder":91,"SbStatus":1,"SbDescribe":"","SbBtnGroup":4,"SbBtnHide":null},{"SbId":"B97248C7-F53A-4289-BF06-A05E8009199B","SbPid":"00000000-0000-0000-0000-000000000000","SbBtnText":"切换","SbBtnId":"m_Switch","SbBtnClass":"btn btn-sm  btn-primary","SbBtnIcon":"fa fa-exchange","SbBtnOrder":20,"SbStatus":1,"SbDescribe":"","SbBtnGroup":1,"SbBtnHide":null},{"SbId":"C42B2ECC-3A18-495B-9BC6-B315FEA5A951","SbPid":"00000000-0000-0000-0000-000000000000","SbBtnText":"批量修改","SbBtnId":"m_Batch_Edit","SbBtnClass":"btn btn-warning","SbBtnIcon":"fa fa-edit","SbBtnOrder":44,"SbStatus":1,"SbDescribe":null,"SbBtnGroup":1,"SbBtnHide":1},{"SbId":"D2B8534F-D435-4E39-AC9D-4294AFC492DB","SbPid":"00000000-0000-0000-0000-000000000000","SbBtnText":"更多","SbBtnId":"list_More","SbBtnClass":"btn btn-sm  btn-primary","SbBtnIcon":"fa fa-ellipsis-h","SbBtnOrder":80,"SbStatus":1,"SbDescribe":"","SbBtnGroup":1,"SbBtnHide":null},{"SbId":"D3A31A0C-C842-4709-82DD-A33B0253A462","SbPid":"00000000-0000-0000-0000-000000000000","SbBtnText":"保存","SbBtnId":"m_Save","SbBtnClass":"btn btn-sm  btn-success","SbBtnIcon":"fa fa-save","SbBtnOrder":6,"SbStatus":1,"SbDescribe":"","SbBtnGroup":1,"SbBtnHide":null},{"SbId":"EAED8E4A-E6DA-4075-883F-8B5559B7A9AD","SbPid":"00000000-0000-0000-0000-000000000000","SbBtnText":"上传附件","SbBtnId":"m_Upload","SbBtnClass":"btn btn-primary","SbBtnIcon":"fa fa-cloud-upload","SbBtnOrder":78,"SbStatus":1,"SbDescribe":null,"SbBtnGroup":5,"SbBtnHide":null},{"SbId":"ED6830FD-DFD5-4B48-A155-76C8D7D6FEA4","SbPid":"00000000-0000-0000-0000-000000000000","SbBtnText":"取消","SbBtnId":"m_Cancel","SbBtnClass":"btn btn-sm  btn-danger","SbBtnIcon":"fa fa-reply","SbBtnOrder":7,"SbStatus":1,"SbDescribe":"","SbBtnGroup":1,"SbBtnHide":null},{"SbId":"EFE021E2-30FE-4500-9BF6-52611F1AAA4A","SbPid":"00000000-0000-0000-0000-000000000000","SbBtnText":"查询","SbBtnId":"m_Query","SbBtnClass":"btn btn-sm  btn-success","SbBtnIcon":"fa fa-search","SbBtnOrder":1,"SbStatus":1,"SbDescribe":"","SbBtnGroup":1,"SbBtnHide":null},{"SbId":"F60C1C50-EBDC-430A-BE3A-30C4AB23C3FD","SbPid":"00000000-0000-0000-0000-000000000000","SbBtnText":"复制并新增","SbBtnId":"m_Copy","SbBtnClass":"btn btn-info","SbBtnIcon":"fa fa-copy","SbBtnOrder":77,"SbStatus":1,"SbDescribe":null,"SbBtnGroup":2,"SbBtnHide":null},{"SbId":"FA51A36A-69DD-4838-AD03-EFA8F038F23F","SbPid":"00000000-0000-0000-0000-000000000000","SbBtnText":"审核","SbBtnId":"m_Check","SbBtnClass":"btn btn-sm  btn-info","SbBtnIcon":"fa fa-check-square-o","SbBtnOrder":11,"SbStatus":1,"SbDescribe":"","SbBtnGroup":1,"SbBtnHide":null}],"SysDictionary":[],"SysMenu":[{"SmId":"1DAB94C9-EF51-4BA2-A604-7DC7B78D56BC","SmPid":"00000000-0000-0000-0000-000000000000","SmName":"系统设置","SmUrl":null,"SmOrder":9,"SmIcon":"fa-cog","SmStatus":1,"SmGroup":1},{"SmId":"2AE7FAF0-B627-4012-8A94-C5337579C8F5","SmPid":"00000000-0000-0000-0000-000000000000","SmName":"RF框架示例","SmUrl":null,"SmOrder":3,"SmIcon":"fa-tag","SmStatus":1,"SmGroup":1},{"SmId":"2d5567ed-80d6-491c-b5e2-ef17babb3246","SmPid":"a9ae039c-2155-4ca8-b23a-5d793a71210e","SmName":"多表单生成","SmUrl":"/rf/buildforms","SmOrder":2,"SmIcon":"fa-flag","SmStatus":1,"SmGroup":1},{"SmId":"56ad6bac-d773-4460-b88f-164c08df4808","SmPid":"1DAB94C9-EF51-4BA2-A604-7DC7B78D56BC","SmName":"按钮管理","SmUrl":"/setting/sysbutton","SmOrder":1,"SmIcon":"fa-save","SmStatus":1,"SmGroup":1},{"SmId":"601C6500-808A-426B-9658-6BA830396AE3","SmPid":"1DAB94C9-EF51-4BA2-A604-7DC7B78D56BC","SmName":"角色管理","SmUrl":"/setting/sysrole","SmOrder":3,"SmIcon":"fa-mortar-board (alias)","SmStatus":1,"SmGroup":1},{"SmId":"60C478C8-B4B7-471F-AE7F-62DF7A6C44D4","SmPid":"1DAB94C9-EF51-4BA2-A604-7DC7B78D56BC","SmName":"日志管理","SmUrl":"/setting/syslog","SmOrder":6,"SmIcon":"fa-file-text-o","SmStatus":1,"SmGroup":1},{"SmId":"688BE98C-3D78-4B4D-A160-91476407599F","SmPid":"2AE7FAF0-B627-4012-8A94-C5337579C8F5","SmName":"表格","SmUrl":null,"SmOrder":3,"SmIcon":"fa-flag","SmStatus":1,"SmGroup":1},{"SmId":"6C9E2090-B115-4D3E-948B-E5829A1886CF","SmPid":"1DAB94C9-EF51-4BA2-A604-7DC7B78D56BC","SmName":"表配置","SmUrl":"/setting/systableconfig","SmOrder":8,"SmIcon":"fa-cog","SmStatus":1,"SmGroup":1},{"SmId":"748d9667-bd7a-4745-be34-1057160ef444","SmPid":"688BE98C-3D78-4B4D-A160-91476407599F","SmName":"Grid表格联动","SmUrl":"/rf/gridchange","SmOrder":3,"SmIcon":"fa-flag","SmStatus":1,"SmGroup":1},{"SmId":"800f8620-2b7b-4ea9-8e17-7c8d2b90561b","SmPid":"a9ae039c-2155-4ca8-b23a-5d793a71210e","SmName":"上传","SmUrl":"/rf/upload","SmOrder":4,"SmIcon":"fa-cloud-upload","SmStatus":1,"SmGroup":1},{"SmId":"8120ACDF-0642-4EA0-8BEC-83306D744319","SmPid":"1DAB94C9-EF51-4BA2-A604-7DC7B78D56BC","SmName":"用户管理","SmUrl":"/setting/sysuser","SmOrder":4,"SmIcon":"fa-user","SmStatus":1,"SmGroup":1},{"SmId":"813984B9-06CA-4D85-AD82-3C4AD2CB834E","SmPid":"CAAFB396-C5F2-406A-9808-6B089E20F265","SmName":"表管理","SmUrl":"/tool/tablemanage","SmOrder":1,"SmIcon":"fa-database","SmStatus":1,"SmGroup":1},{"SmId":"89EB0D3E-5BAA-494E-AD49-7FE247405CDA","SmPid":"688BE98C-3D78-4B4D-A160-91476407599F","SmName":"TreeGrid","SmUrl":"/rf/treegrid","SmOrder":2,"SmIcon":"fa-flag","SmStatus":1,"SmGroup":1},{"SmId":"947935c5-5768-4df8-9391-5d28dfde1b30","SmPid":"CAAFB396-C5F2-406A-9808-6B089E20F265","SmName":"服务器信息","SmUrl":"/tool/serverinfo","SmOrder":2,"SmIcon":"fa-server","SmStatus":1,"SmGroup":1},{"SmId":"9494d996-bdf3-4cf9-9784-c40964ace3fb","SmPid":"a9ae039c-2155-4ca8-b23a-5d793a71210e","SmName":"单据","SmUrl":"/rf/invoice","SmOrder":3,"SmIcon":"fa-flag","SmStatus":1,"SmGroup":1},{"SmId":"A40C1D01-C682-483F-AF87-CD843AA457C7","SmPid":"2AE7FAF0-B627-4012-8A94-C5337579C8F5","SmName":"表配置示例","SmUrl":"/rf/tce","SmOrder":1,"SmIcon":"fa-flag","SmStatus":1,"SmGroup":1},{"SmId":"a5fc0578-72c4-4be1-9ad8-71ef0cc9f746","SmPid":"1DAB94C9-EF51-4BA2-A604-7DC7B78D56BC","SmName":"菜单管理","SmUrl":"/setting/sysmenu","SmOrder":2,"SmIcon":"fa-navicon","SmStatus":1,"SmGroup":1},{"SmId":"a9ae039c-2155-4ca8-b23a-5d793a71210e","SmPid":"2AE7FAF0-B627-4012-8A94-C5337579C8F5","SmName":"表单","SmUrl":null,"SmOrder":4,"SmIcon":"fa-flag","SmStatus":1,"SmGroup":1},{"SmId":"B27D2434-DC15-4EFA-A586-E11DF23D5344","SmPid":"a9ae039c-2155-4ca8-b23a-5d793a71210e","SmName":"静态表单示例","SmUrl":"/rf/form","SmOrder":1,"SmIcon":"fa-flag","SmStatus":1,"SmGroup":1},{"SmId":"bb1516c7-834a-4ca4-a701-ed9e0f212c1d","SmPid":"1DAB94C9-EF51-4BA2-A604-7DC7B78D56BC","SmName":"字典管理","SmUrl":"/setting/sysdictionary","SmOrder":7,"SmIcon":"fa-database","SmStatus":1,"SmGroup":1},{"SmId":"CAAFB396-C5F2-406A-9808-6B089E20F265","SmPid":"00000000-0000-0000-0000-000000000000","SmName":"工具箱","SmUrl":null,"SmOrder":8,"SmIcon":"fa-wrench","SmStatus":1,"SmGroup":1},{"SmId":"DF9CFA05-847A-43B6-8119-E8FC7AE04734","SmPid":"688BE98C-3D78-4B4D-A160-91476407599F","SmName":"DataGrid","SmUrl":"/rf/datagrid","SmOrder":1,"SmIcon":"fa-flag","SmStatus":1,"SmGroup":1},{"SmId":"f45615da-a915-47d2-a623-4c956c785a95","SmPid":"a9ae039c-2155-4ca8-b23a-5d793a71210e","SmName":"富文本","SmUrl":"/rf/richtext","SmOrder":5,"SmIcon":"fa-file-text-o","SmStatus":1,"SmGroup":1},{"SmId":"F8C1C161-F1FC-4729-A00C-4A9893BF8209","SmPid":"00000000-0000-0000-0000-000000000000","SmName":"系统桌面","SmUrl":"/home/desk","SmOrder":1,"SmIcon":"fa-home","SmStatus":1,"SmGroup":1}],"SysRole":[{"SrId":"58307c67-76b8-4156-bde3-f307f4da25e9","SrName":"测试","SrStatus":1,"SrDescribe":null,"SrGroup":null,"SrMenus":"F8C1C161-F1FC-4729-A00C-4A9893BF8209,2AE7FAF0-B627-4012-8A94-C5337579C8F5,A40C1D01-C682-483F-AF87-CD843AA457C7,B27D2434-DC15-4EFA-A586-E11DF23D5344,688BE98C-3D78-4B4D-A160-91476407599F,DF9CFA05-847A-43B6-8119-E8FC7AE04734,89EB0D3E-5BAA-494E-AD49-7FE247405CDA","SrButtons":"{\"F8C1C161-F1FC-4729-A00C-4A9893BF8209\":\"\",\"A40C1D01-C682-483F-AF87-CD843AA457C7\":\"EFE021E2-30FE-4500-9BF6-52611F1AAA4A,90ED8666-0961-426D-B582-E08C43EEE9E1\"}","SrCreateTime":"2018-05-20 10:23:19"},{"SrId":"E663CE67-E9CA-4441-AB77-DC267C22C683","SrName":"管理员","SrStatus":1,"SrDescribe":null,"SrGroup":1,"SrMenus":"F8C1C161-F1FC-4729-A00C-4A9893BF8209,2AE7FAF0-B627-4012-8A94-C5337579C8F5,A40C1D01-C682-483F-AF87-CD843AA457C7,688BE98C-3D78-4B4D-A160-91476407599F,DF9CFA05-847A-43B6-8119-E8FC7AE04734,89EB0D3E-5BAA-494E-AD49-7FE247405CDA,748d9667-bd7a-4745-be34-1057160ef444,a9ae039c-2155-4ca8-b23a-5d793a71210e,B27D2434-DC15-4EFA-A586-E11DF23D5344,2d5567ed-80d6-491c-b5e2-ef17babb3246,9494d996-bdf3-4cf9-9784-c40964ace3fb,800f8620-2b7b-4ea9-8e17-7c8d2b90561b,f45615da-a915-47d2-a623-4c956c785a95,CAAFB396-C5F2-406A-9808-6B089E20F265,813984B9-06CA-4D85-AD82-3C4AD2CB834E,947935c5-5768-4df8-9391-5d28dfde1b30,1DAB94C9-EF51-4BA2-A604-7DC7B78D56BC,56ad6bac-d773-4460-b88f-164c08df4808,a5fc0578-72c4-4be1-9ad8-71ef0cc9f746,601C6500-808A-426B-9658-6BA830396AE3,8120ACDF-0642-4EA0-8BEC-83306D744319,60C478C8-B4B7-471F-AE7F-62DF7A6C44D4,bb1516c7-834a-4ca4-a701-ed9e0f212c1d,6C9E2090-B115-4D3E-948B-E5829A1886CF","SrButtons":"{\"601C6500-808A-426B-9658-6BA830396AE3\":\"EFE021E2-30FE-4500-9BF6-52611F1AAA4A,90ED8666-0961-426D-B582-E08C43EEE9E1,99A7F6EB-69BD-4167-B647-B10D3E12A3F3,3B4EBAB9-F2A5-43C8-8BCB-94B9A3AA5131,5C1A8DE4-F0EC-4795-AF48-6F0C97EB940E,ACD7FC7F-DE75-4502-B619-CF6BDA16CB9A,a26aa1f9-1a8d-4a0f-a222-83c8470d86aa,A04A57A2-014C-4D47-A6A2-B5018ED286CB,609287B6-4B59-4E59-A822-B8C1087BB603,D2B8534F-D435-4E39-AC9D-4294AFC492DB,AE0D0298-FE28-405F-82AB-00E310FFE9C2,4FC96135-26B5-46D7-B809-747AD71F2A21,7ca5f9e0-9435-42d9-afe6-f388bd6c7b3a\",\"60C478C8-B4B7-471F-AE7F-62DF7A6C44D4\":\"EFE021E2-30FE-4500-9BF6-52611F1AAA4A,5C1A8DE4-F0EC-4795-AF48-6F0C97EB940E,A04A57A2-014C-4D47-A6A2-B5018ED286CB,609287B6-4B59-4E59-A822-B8C1087BB603,D2B8534F-D435-4E39-AC9D-4294AFC492DB,AE0D0298-FE28-405F-82AB-00E310FFE9C2,4FC96135-26B5-46D7-B809-747AD71F2A21,7ca5f9e0-9435-42d9-afe6-f388bd6c7b3a\",\"6C9E2090-B115-4D3E-948B-E5829A1886CF\":\"EFE021E2-30FE-4500-9BF6-52611F1AAA4A,90ED8666-0961-426D-B582-E08C43EEE9E1,99A7F6EB-69BD-4167-B647-B10D3E12A3F3,3B4EBAB9-F2A5-43C8-8BCB-94B9A3AA5131,5C1A8DE4-F0EC-4795-AF48-6F0C97EB940E,A04A57A2-014C-4D47-A6A2-B5018ED286CB,D2B8534F-D435-4E39-AC9D-4294AFC492DB,AE0D0298-FE28-405F-82AB-00E310FFE9C2,4FC96135-26B5-46D7-B809-747AD71F2A21,7ca5f9e0-9435-42d9-afe6-f388bd6c7b3a\",\"8120ACDF-0642-4EA0-8BEC-83306D744319\":\"EFE021E2-30FE-4500-9BF6-52611F1AAA4A,90ED8666-0961-426D-B582-E08C43EEE9E1,99A7F6EB-69BD-4167-B647-B10D3E12A3F3,3B4EBAB9-F2A5-43C8-8BCB-94B9A3AA5131,5C1A8DE4-F0EC-4795-AF48-6F0C97EB940E,A04A57A2-014C-4D47-A6A2-B5018ED286CB,609287B6-4B59-4E59-A822-B8C1087BB603,D2B8534F-D435-4E39-AC9D-4294AFC492DB,AE0D0298-FE28-405F-82AB-00E310FFE9C2,4FC96135-26B5-46D7-B809-747AD71F2A21,7ca5f9e0-9435-42d9-afe6-f388bd6c7b3a\",\"F8C1C161-F1FC-4729-A00C-4A9893BF8209\":\"\",\"9C145834-8336-4E63-A34C-6DF8E5854C96\":\"\",\"B27D2434-DC15-4EFA-A586-E11DF23D5344\":\"90ED8666-0961-426D-B582-E08C43EEE9E1,5C1A8DE4-F0EC-4795-AF48-6F0C97EB940E,D3A31A0C-C842-4709-82DD-A33B0253A462,A04A57A2-014C-4D47-A6A2-B5018ED286CB,7ca5f9e0-9435-42d9-afe6-f388bd6c7b3a\",\"1CDBF142-7F5C-42E8-A426-370BF4542224\":\"A04A57A2-014C-4D47-A6A2-B5018ED286CB\",\"A40C1D01-C682-483F-AF87-CD843AA457C7\":\"EFE021E2-30FE-4500-9BF6-52611F1AAA4A,90ED8666-0961-426D-B582-E08C43EEE9E1,99A7F6EB-69BD-4167-B647-B10D3E12A3F3,3B4EBAB9-F2A5-43C8-8BCB-94B9A3AA5131,5C1A8DE4-F0EC-4795-AF48-6F0C97EB940E,D3A31A0C-C842-4709-82DD-A33B0253A462,A04A57A2-014C-4D47-A6A2-B5018ED286CB,26008EAA-4ED7-46E0-8BBF-DCF1472397E0,58F7DA5E-37F8-4648-80F3-998E702A4D91,73CF6246-4429-4EF2-A0DA-F86F96B9BEBB,C42B2ECC-3A18-495B-9BC6-B315FEA5A951,807FF920-37AA-40F7-92BC-3FC894D4D7A3,9B2265A4-A01F-48E8-9373-A6A294FCC1B7,3636B071-CE52-4551-BA67-4F982D14CD7C,609287B6-4B59-4E59-A822-B8C1087BB603,85C51241-19D1-4BD0-A35B-DB570ACD0E85,F60C1C50-EBDC-430A-BE3A-30C4AB23C3FD,EAED8E4A-E6DA-4075-883F-8B5559B7A9AD,D2B8534F-D435-4E39-AC9D-4294AFC492DB,AE0D0298-FE28-405F-82AB-00E310FFE9C2,4FC96135-26B5-46D7-B809-747AD71F2A21,7ca5f9e0-9435-42d9-afe6-f388bd6c7b3a\",\"DF9CFA05-847A-43B6-8119-E8FC7AE04734\":\"EFE021E2-30FE-4500-9BF6-52611F1AAA4A,A04A57A2-014C-4D47-A6A2-B5018ED286CB,26008EAA-4ED7-46E0-8BBF-DCF1472397E0,58F7DA5E-37F8-4648-80F3-998E702A4D91,73CF6246-4429-4EF2-A0DA-F86F96B9BEBB,C42B2ECC-3A18-495B-9BC6-B315FEA5A951,807FF920-37AA-40F7-92BC-3FC894D4D7A3,9B2265A4-A01F-48E8-9373-A6A294FCC1B7,7ca5f9e0-9435-42d9-afe6-f388bd6c7b3a\",\"89EB0D3E-5BAA-494E-AD49-7FE247405CDA\":\"A04A57A2-014C-4D47-A6A2-B5018ED286CB,7ca5f9e0-9435-42d9-afe6-f388bd6c7b3a\",\"F5415EAE-694F-4332-B259-E86BDC54AA09\":\"A04A57A2-014C-4D47-A6A2-B5018ED286CB\",\"56ad6bac-d773-4460-b88f-164c08df4808\":\"90ED8666-0961-426D-B582-E08C43EEE9E1,99A7F6EB-69BD-4167-B647-B10D3E12A3F3,3B4EBAB9-F2A5-43C8-8BCB-94B9A3AA5131,5C1A8DE4-F0EC-4795-AF48-6F0C97EB940E,A04A57A2-014C-4D47-A6A2-B5018ED286CB,D2B8534F-D435-4E39-AC9D-4294AFC492DB,AE0D0298-FE28-405F-82AB-00E310FFE9C2,4FC96135-26B5-46D7-B809-747AD71F2A21,7ca5f9e0-9435-42d9-afe6-f388bd6c7b3a\",\"a5fc0578-72c4-4be1-9ad8-71ef0cc9f746\":\"90ED8666-0961-426D-B582-E08C43EEE9E1,99A7F6EB-69BD-4167-B647-B10D3E12A3F3,3B4EBAB9-F2A5-43C8-8BCB-94B9A3AA5131,5C1A8DE4-F0EC-4795-AF48-6F0C97EB940E,A04A57A2-014C-4D47-A6A2-B5018ED286CB,D2B8534F-D435-4E39-AC9D-4294AFC492DB,AE0D0298-FE28-405F-82AB-00E310FFE9C2,4FC96135-26B5-46D7-B809-747AD71F2A21,7ca5f9e0-9435-42d9-afe6-f388bd6c7b3a\",\"faa428d6-6d57-4fe2-84cf-48ab7beaa950\":\"EFE021E2-30FE-4500-9BF6-52611F1AAA4A,90ED8666-0961-426D-B582-E08C43EEE9E1,99A7F6EB-69BD-4167-B647-B10D3E12A3F3,3B4EBAB9-F2A5-43C8-8BCB-94B9A3AA5131,5C1A8DE4-F0EC-4795-AF48-6F0C97EB940E,A04A57A2-014C-4D47-A6A2-B5018ED286CB,AE0D0298-FE28-405F-82AB-00E310FFE9C2,4FC96135-26B5-46D7-B809-747AD71F2A21,D2B8534F-D435-4E39-AC9D-4294AFC492DB\",\"748d9667-bd7a-4745-be34-1057160ef444\":\"A04A57A2-014C-4D47-A6A2-B5018ED286CB,7ca5f9e0-9435-42d9-afe6-f388bd6c7b3a\",\"9494d996-bdf3-4cf9-9784-c40964ace3fb\":\"EFE021E2-30FE-4500-9BF6-52611F1AAA4A,90ED8666-0961-426D-B582-E08C43EEE9E1,99A7F6EB-69BD-4167-B647-B10D3E12A3F3,D3A31A0C-C842-4709-82DD-A33B0253A462,ED6830FD-DFD5-4B48-A155-76C8D7D6FEA4,FA51A36A-69DD-4838-AD03-EFA8F038F23F,4674735D-B762-4876-8DE1-31AD7CD023F4,9F128382-9A3E-42FB-89E7-D12E5D581584,B97248C7-F53A-4289-BF06-A05E8009199B,A04A57A2-014C-4D47-A6A2-B5018ED286CB,85C51241-19D1-4BD0-A35B-DB570ACD0E85,F60C1C50-EBDC-430A-BE3A-30C4AB23C3FD,D2B8534F-D435-4E39-AC9D-4294AFC492DB,AE0D0298-FE28-405F-82AB-00E310FFE9C2,4FC96135-26B5-46D7-B809-747AD71F2A21,7ca5f9e0-9435-42d9-afe6-f388bd6c7b3a\",\"2d5567ed-80d6-491c-b5e2-ef17babb3246\":\"\",\"800f8620-2b7b-4ea9-8e17-7c8d2b90561b\":\"90ED8666-0961-426D-B582-E08C43EEE9E1,99A7F6EB-69BD-4167-B647-B10D3E12A3F3,3B4EBAB9-F2A5-43C8-8BCB-94B9A3AA5131,5C1A8DE4-F0EC-4795-AF48-6F0C97EB940E,A04A57A2-014C-4D47-A6A2-B5018ED286CB,7ca5f9e0-9435-42d9-afe6-f388bd6c7b3a\",\"bb1516c7-834a-4ca4-a701-ed9e0f212c1d\":\"EFE021E2-30FE-4500-9BF6-52611F1AAA4A,90ED8666-0961-426D-B582-E08C43EEE9E1,99A7F6EB-69BD-4167-B647-B10D3E12A3F3,3B4EBAB9-F2A5-43C8-8BCB-94B9A3AA5131,5C1A8DE4-F0EC-4795-AF48-6F0C97EB940E,A04A57A2-014C-4D47-A6A2-B5018ED286CB,609287B6-4B59-4E59-A822-B8C1087BB603,D2B8534F-D435-4E39-AC9D-4294AFC492DB,AE0D0298-FE28-405F-82AB-00E310FFE9C2,4FC96135-26B5-46D7-B809-747AD71F2A21,7ca5f9e0-9435-42d9-afe6-f388bd6c7b3a\",\"f45615da-a915-47d2-a623-4c956c785a95\":\"90ED8666-0961-426D-B582-E08C43EEE9E1,99A7F6EB-69BD-4167-B647-B10D3E12A3F3,3B4EBAB9-F2A5-43C8-8BCB-94B9A3AA5131,5C1A8DE4-F0EC-4795-AF48-6F0C97EB940E,A04A57A2-014C-4D47-A6A2-B5018ED286CB,7ca5f9e0-9435-42d9-afe6-f388bd6c7b3a\",\"947935c5-5768-4df8-9391-5d28dfde1b30\":\"\"}","SrCreateTime":"2018-05-20 07:34:18"}],"SysTableConfig":[{"Id":"2988c87c-ec7a-47ac-9d73-d96790c335d7","TableName":"SysButton","ColField":"SbId","DvTitle":"SbId","ColTitle":"SbId","ColWidth":100,"ColAlign":1,"ColHide":2,"ColOrder":0,"ColFrozen":0,"ColFormat":"0","ColSort":0,"ColExport":-1,"ColQuery":0,"ColRelation":"","FormArea":1,"FormUrl":null,"FormType":"text","FormSpan":1,"FormHide":2,"FormOrder":1,"FormRequired":0,"FormPlaceholder":null,"FormValue":null,"FormText":null,"FormMaxlength":50},{"Id":"6976d441-159f-4dd4-8040-0bd383eb8875","TableName":"SysButton","ColField":"SbBtnText","DvTitle":"按钮文本","ColTitle":"按钮文本","ColWidth":200,"ColAlign":1,"ColHide":0,"ColOrder":0,"ColFrozen":0,"ColFormat":"0","ColSort":0,"ColExport":1,"ColQuery":0,"ColRelation":"","FormArea":1,"FormUrl":null,"FormType":"text","FormSpan":1,"FormHide":0,"FormOrder":0,"FormRequired":1,"FormPlaceholder":null,"FormValue":null,"FormText":null,"FormMaxlength":20},{"Id":"6f7f9deb-b756-4b0f-b3a9-8742cea11ca1","TableName":"SysButton","ColField":"SbPid","DvTitle":"上级按钮","ColTitle":"上级按钮","ColWidth":100,"ColAlign":1,"ColHide":2,"ColOrder":1,"ColFrozen":0,"ColFormat":"0","ColSort":0,"ColExport":0,"ColQuery":0,"ColRelation":"","FormArea":1,"FormUrl":"/Common/QueryButtonTree","FormType":"combotree","FormSpan":1,"FormHide":0,"FormOrder":1,"FormRequired":0,"FormPlaceholder":"无上级按钮不填","FormValue":null,"FormText":null,"FormMaxlength":50},{"Id":"73fb80dc-7c0a-4a97-ad33-7b814b7b9271","TableName":"SysButton","ColField":"SbBtnHide","DvTitle":"隐藏，1隐藏","ColTitle":"隐藏","ColWidth":80,"ColAlign":2,"ColHide":0,"ColOrder":7,"ColFrozen":0,"ColFormat":"17","ColSort":0,"ColExport":1,"ColQuery":0,"ColRelation":"","FormArea":1,"FormUrl":null,"FormType":"checkbox","FormSpan":1,"FormHide":0,"FormOrder":8,"FormRequired":0,"FormPlaceholder":null,"FormValue":null,"FormText":"隐藏按钮","FormMaxlength":10},{"Id":"86879d40-3167-45d2-b310-9723efd899e9","TableName":"SysButton","ColField":"SbBtnOrder","DvTitle":"按钮排序","ColTitle":"按钮排序","ColWidth":100,"ColAlign":2,"ColHide":0,"ColOrder":4,"ColFrozen":0,"ColFormat":"0","ColSort":0,"ColExport":1,"ColQuery":0,"ColRelation":"","FormArea":1,"FormUrl":null,"FormType":"text","FormSpan":1,"FormHide":0,"FormOrder":5,"FormRequired":0,"FormPlaceholder":"升序","FormValue":null,"FormText":null,"FormMaxlength":10},{"Id":"878b3861-9a7c-449d-b075-9c4064c070e3","TableName":"SysButton","ColField":"SbBtnIcon","DvTitle":"按钮图标","ColTitle":"按钮图标","ColWidth":240,"ColAlign":1,"ColHide":0,"ColOrder":3,"ColFrozen":0,"ColFormat":"0","ColSort":0,"ColExport":1,"ColQuery":0,"ColRelation":"","FormArea":1,"FormUrl":null,"FormType":"text","FormSpan":1,"FormHide":0,"FormOrder":4,"FormRequired":1,"FormPlaceholder":"fa fa-*","FormValue":null,"FormText":null,"FormMaxlength":50},{"Id":"8d616d71-4a50-4c0e-b77b-788c044e4551","TableName":"SysButton","ColField":"SbBtnId","DvTitle":"按钮ID","ColTitle":"按钮ID","ColWidth":180,"ColAlign":1,"ColHide":0,"ColOrder":1,"ColFrozen":0,"ColFormat":"0","ColSort":0,"ColExport":1,"ColQuery":0,"ColRelation":"","FormArea":1,"FormUrl":null,"FormType":"text","FormSpan":1,"FormHide":0,"FormOrder":2,"FormRequired":1,"FormPlaceholder":"m_ 开头","FormValue":null,"FormText":null,"FormMaxlength":50},{"Id":"df8bac04-ed8f-4b73-95d7-c0b851a827ea","TableName":"SysButton","ColField":"SbBtnClass","DvTitle":"按钮类","ColTitle":"按钮类","ColWidth":240,"ColAlign":1,"ColHide":0,"ColOrder":2,"ColFrozen":0,"ColFormat":"0","ColSort":0,"ColExport":1,"ColQuery":0,"ColRelation":"","FormArea":1,"FormUrl":null,"FormType":"text","FormSpan":1,"FormHide":0,"FormOrder":3,"FormRequired":0,"FormPlaceholder":"btn btn-*","FormValue":null,"FormText":null,"FormMaxlength":50},{"Id":"ef4bce92-48be-4e9e-a994-c4e6f3826d0c","TableName":"SysButton","ColField":"SbBtnGroup","DvTitle":"按钮分组","ColTitle":"按钮分组","ColWidth":100,"ColAlign":2,"ColHide":0,"ColOrder":6,"ColFrozen":0,"ColFormat":"0","ColSort":0,"ColExport":1,"ColQuery":0,"ColRelation":"","FormArea":1,"FormUrl":null,"FormType":"text","FormSpan":1,"FormHide":0,"FormOrder":7,"FormRequired":1,"FormPlaceholder":"默认1，不相同有分割线，仅弹出的二级按钮","FormValue":null,"FormText":null,"FormMaxlength":10},{"Id":"ae5cc893-6524-41ba-baef-ee9f9aeaf801","TableName":"SysButton","ColField":"SbStatus","DvTitle":"按钮状态","ColTitle":"按钮状态","ColWidth":100,"ColAlign":2,"ColHide":0,"ColOrder":5,"ColFrozen":0,"ColFormat":"17","ColSort":0,"ColExport":1,"ColQuery":0,"ColRelation":"","FormArea":1,"FormUrl":null,"FormType":"checkbox","FormSpan":1,"FormHide":0,"FormOrder":6,"FormRequired":0,"FormPlaceholder":null,"FormValue":"1","FormText":"启用按钮","FormMaxlength":10},{"Id":"c6812054-d3a5-43b6-9920-0194f0ac7fda","TableName":"SysButton","ColField":"SbDescribe","DvTitle":"按钮描述","ColTitle":"按钮描述","ColWidth":260,"ColAlign":1,"ColHide":0,"ColOrder":8,"ColFrozen":0,"ColFormat":"0","ColSort":0,"ColExport":1,"ColQuery":0,"ColRelation":"","FormArea":1,"FormUrl":"","FormType":"text","FormSpan":1,"FormHide":0,"FormOrder":9,"FormRequired":0,"FormPlaceholder":"","FormValue":"","FormText":"","FormMaxlength":200},{"Id":"abae8f20-4205-4505-96be-bf09d20f2990","TableName":"SysDictionary","ColField":"SdStatus","DvTitle":"状态：1正常，-1删除，2停用","ColTitle":"状态","ColWidth":100,"ColAlign":2,"ColHide":0,"ColOrder":2,"ColFrozen":0,"ColFormat":"col_custom_","ColSort":0,"ColExport":1,"ColQuery":0,"ColRelation":"Equal","FormArea":1,"FormUrl":"dataurl_sdstatus","FormType":"combobox","FormSpan":1,"FormHide":0,"FormOrder":8,"FormRequired":1,"FormPlaceholder":null,"FormValue":"1","FormText":null,"FormMaxlength":10},{"Id":"aa258f28-cceb-451c-bbe1-61ed9298a93d","TableName":"SysDictionary","ColField":"SdRemark","DvTitle":"备注","ColTitle":"备注","ColWidth":120,"ColAlign":1,"ColHide":0,"ColOrder":4,"ColFrozen":0,"ColFormat":"0","ColSort":0,"ColExport":1,"ColQuery":0,"ColRelation":"","FormArea":1,"FormUrl":"","FormType":"text","FormSpan":1,"FormHide":0,"FormOrder":9,"FormRequired":0,"FormPlaceholder":"","FormValue":"","FormText":"","FormMaxlength":200},{"Id":"8e685458-3234-4190-9540-501e690bf041","TableName":"SysDictionary","ColField":"SdOrder","DvTitle":"排序","ColTitle":"排序","ColWidth":100,"ColAlign":2,"ColHide":0,"ColOrder":3,"ColFrozen":0,"ColFormat":"0","ColSort":1,"ColExport":1,"ColQuery":0,"ColRelation":"","FormArea":1,"FormUrl":null,"FormType":"text","FormSpan":1,"FormHide":0,"FormOrder":7,"FormRequired":0,"FormPlaceholder":null,"FormValue":"50","FormText":null,"FormMaxlength":10},{"Id":"8349251a-493c-4ae4-9472-61c4e4c42f9a","TableName":"SysDictionary","ColField":"SdPid","DvTitle":"上级ID","ColTitle":"上级ID","ColWidth":120,"ColAlign":1,"ColHide":2,"ColOrder":2,"ColFrozen":0,"ColFormat":"0","ColSort":0,"ColExport":0,"ColQuery":0,"ColRelation":"","FormArea":1,"FormUrl":null,"FormType":"text","FormSpan":1,"FormHide":2,"FormOrder":2,"FormRequired":0,"FormPlaceholder":null,"FormValue":null,"FormText":null,"FormMaxlength":50},{"Id":"7eb8fd0f-5fef-4a40-9521-5cdf6ebab950","TableName":"SysDictionary","ColField":"SdType","DvTitle":"字典类别","ColTitle":"字典类别","ColWidth":120,"ColAlign":1,"ColHide":2,"ColOrder":3,"ColFrozen":0,"ColFormat":"0","ColSort":0,"ColExport":0,"ColQuery":0,"ColRelation":"","FormArea":1,"FormUrl":"dataurl_sdtype","FormType":"combobox","FormSpan":2,"FormHide":0,"FormOrder":3,"FormRequired":1,"FormPlaceholder":null,"FormValue":null,"FormText":null,"FormMaxlength":200},{"Id":"54d5e20b-7af4-4528-8e7e-2ea828b2e9a1","TableName":"SysDictionary","ColField":"SdAttribute1","DvTitle":"特性","ColTitle":"特性1","ColWidth":120,"ColAlign":1,"ColHide":0,"ColOrder":5,"ColFrozen":0,"ColFormat":"0","ColSort":0,"ColExport":1,"ColQuery":0,"ColRelation":"","FormArea":1,"FormUrl":null,"FormType":"text","FormSpan":1,"FormHide":0,"FormOrder":10,"FormRequired":0,"FormPlaceholder":"值的属性延伸","FormValue":null,"FormText":null,"FormMaxlength":50},{"Id":"dc43c1f5-cdb6-44d6-8af6-ffadf277b51b","TableName":"SysDictionary","ColField":"SdAttribute2","DvTitle":"特性","ColTitle":"特性2","ColWidth":120,"ColAlign":1,"ColHide":0,"ColOrder":6,"ColFrozen":0,"ColFormat":"0","ColSort":0,"ColExport":1,"ColQuery":0,"ColRelation":"","FormArea":1,"FormUrl":null,"FormType":"text","FormSpan":1,"FormHide":0,"FormOrder":11,"FormRequired":0,"FormPlaceholder":"值的属性延伸","FormValue":null,"FormText":null,"FormMaxlength":50},{"Id":"a9828350-5626-40c5-bc9e-6ccadf4735d2","TableName":"SysDictionary","ColField":"SdAttribute3","DvTitle":"特性","ColTitle":"特性3","ColWidth":120,"ColAlign":1,"ColHide":0,"ColOrder":7,"ColFrozen":0,"ColFormat":"0","ColSort":0,"ColExport":1,"ColQuery":0,"ColRelation":"","FormArea":1,"FormUrl":null,"FormType":"text","FormSpan":1,"FormHide":0,"FormOrder":12,"FormRequired":0,"FormPlaceholder":"值的属性延伸","FormValue":null,"FormText":null,"FormMaxlength":50},{"Id":"6b6715e3-f259-43d9-831f-838f67dcdef8","TableName":"SysDictionary","ColField":"SdId","DvTitle":"SdId","ColTitle":"ID","ColWidth":120,"ColAlign":1,"ColHide":2,"ColOrder":0,"ColFrozen":0,"ColFormat":"0","ColSort":0,"ColExport":1,"ColQuery":0,"ColRelation":"","FormArea":1,"FormUrl":null,"FormType":"text","FormSpan":1,"FormHide":2,"FormOrder":1,"FormRequired":0,"FormPlaceholder":null,"FormValue":null,"FormText":null,"FormMaxlength":50},{"Id":"d10cff5e-b409-4f00-8a5f-efe69fd1f571","TableName":"SysDictionary","ColField":"SdValue","DvTitle":"值","ColTitle":"值","ColWidth":200,"ColAlign":1,"ColHide":0,"ColOrder":2,"ColFrozen":0,"ColFormat":"0","ColSort":0,"ColExport":1,"ColQuery":1,"ColRelation":"Contains,Equal","FormArea":1,"FormUrl":null,"FormType":"text","FormSpan":1,"FormHide":0,"FormOrder":6,"FormRequired":1,"FormPlaceholder":"显示的文本内容","FormValue":null,"FormText":null,"FormMaxlength":200},{"Id":"ce05d7bd-4ce2-4ea4-bb62-3fb48b2ab1cf","TableName":"SysDictionary","ColField":"SdKey","DvTitle":"键","ColTitle":"键","ColWidth":150,"ColAlign":1,"ColHide":0,"ColOrder":1,"ColFrozen":0,"ColFormat":"0","ColSort":0,"ColExport":1,"ColQuery":1,"ColRelation":"Contains,Equal","FormArea":1,"FormUrl":null,"FormType":"text","FormSpan":1,"FormHide":0,"FormOrder":5,"FormRequired":0,"FormPlaceholder":"需要时，填写自定义Key，常规取主键ID","FormValue":null,"FormText":null,"FormMaxlength":200},{"Id":"02f9fea8-9fd1-4d1c-9717-a4bdc7cebbbe","TableName":"SysLog","ColField":"LogId","DvTitle":"LogId","ColTitle":"LogId","ColWidth":100,"ColAlign":1,"ColHide":2,"ColOrder":0,"ColFrozen":0,"ColFormat":"0","ColSort":0,"ColExport":-1,"ColQuery":0,"ColRelation":"","FormArea":1,"FormUrl":null,"FormType":"text","FormSpan":1,"FormHide":2,"FormOrder":1,"FormRequired":0,"FormPlaceholder":null,"FormValue":null,"FormText":null,"FormMaxlength":50},{"Id":"0e03400c-57fe-45d1-90e0-ba1da7dc6893","TableName":"SysLog","ColField":"SuNickname","DvTitle":"姓名","ColTitle":"姓名","ColWidth":160,"ColAlign":1,"ColHide":0,"ColOrder":1,"ColFrozen":0,"ColFormat":"0","ColSort":0,"ColExport":1,"ColQuery":0,"ColRelation":"","FormArea":1,"FormUrl":"","FormType":"text","FormSpan":1,"FormHide":0,"FormOrder":1,"FormRequired":0,"FormPlaceholder":"","FormValue":"","FormText":"","FormMaxlength":50},{"Id":"16bf4fe9-f627-415b-a68e-aae4bb867af3","TableName":"SysLog","ColField":"LogContent","DvTitle":"内容","ColTitle":"内容","ColWidth":250,"ColAlign":1,"ColHide":0,"ColOrder":3,"ColFrozen":0,"ColFormat":"0","ColSort":0,"ColExport":1,"ColQuery":1,"ColRelation":"Contains,Equal","FormArea":1,"FormUrl":null,"FormType":"text","FormSpan":1,"FormHide":0,"FormOrder":3,"FormRequired":0,"FormPlaceholder":null,"FormValue":null,"FormText":null,"FormMaxlength":200},{"Id":"4f78165f-7ace-48a0-89d3-966295877931","TableName":"SysLog","ColField":"LogIp","DvTitle":"IP","ColTitle":"IP","ColWidth":160,"ColAlign":2,"ColHide":0,"ColOrder":5,"ColFrozen":0,"ColFormat":"0","ColSort":0,"ColExport":1,"ColQuery":1,"ColRelation":"Contains,Equal","FormArea":1,"FormUrl":null,"FormType":"text","FormSpan":1,"FormHide":0,"FormOrder":5,"FormRequired":0,"FormPlaceholder":null,"FormValue":null,"FormText":null,"FormMaxlength":50},{"Id":"5a25fd32-ec78-4162-9a8d-ad55fa281ea8","TableName":"SysLog","ColField":"LogGroup","DvTitle":"分组","ColTitle":"分组","ColWidth":100,"ColAlign":1,"ColHide":1,"ColOrder":10,"ColFrozen":0,"ColFormat":"0","ColSort":0,"ColExport":0,"ColQuery":0,"ColRelation":"","FormArea":1,"FormUrl":null,"FormType":"text","FormSpan":1,"FormHide":1,"FormOrder":11,"FormRequired":0,"FormPlaceholder":null,"FormValue":null,"FormText":null,"FormMaxlength":10},{"Id":"6fa7ee1d-d075-4d0d-8e85-7bc54dc2e218","TableName":"SysLog","ColField":"LogAction","DvTitle":"动作","ColTitle":"动作","ColWidth":250,"ColAlign":1,"ColHide":0,"ColOrder":2,"ColFrozen":0,"ColFormat":"0","ColSort":0,"ColExport":1,"ColQuery":1,"ColRelation":"Contains,Equal","FormArea":1,"FormUrl":null,"FormType":"text","FormSpan":1,"FormHide":0,"FormOrder":2,"FormRequired":0,"FormPlaceholder":null,"FormValue":null,"FormText":null,"FormMaxlength":50},{"Id":"73c8b232-5cd6-4b75-9af5-6fc41fb92f7e","TableName":"SysLog","ColField":"LogCity","DvTitle":"IP城市","ColTitle":"IP城市","ColWidth":200,"ColAlign":1,"ColHide":0,"ColOrder":6,"ColFrozen":0,"ColFormat":"0","ColSort":0,"ColExport":1,"ColQuery":1,"ColRelation":"Contains,Equal","FormArea":1,"FormUrl":null,"FormType":"text","FormSpan":1,"FormHide":0,"FormOrder":6,"FormRequired":0,"FormPlaceholder":null,"FormValue":null,"FormText":null,"FormMaxlength":50},{"Id":"9175e691-74cc-4d93-bd30-844c3c926bfe","TableName":"SysLog","ColField":"SuName","DvTitle":"账号","ColTitle":"账号","ColWidth":160,"ColAlign":1,"ColHide":0,"ColOrder":0,"ColFrozen":0,"ColFormat":"0","ColSort":0,"ColExport":1,"ColQuery":1,"ColRelation":"Contains,Equal","FormArea":1,"FormUrl":null,"FormType":"text","FormSpan":1,"FormHide":0,"FormOrder":0,"FormRequired":0,"FormPlaceholder":null,"FormValue":null,"FormText":null,"FormMaxlength":50},{"Id":"a8ff3842-77bd-41f3-acfc-c25a51637c58","TableName":"SysLog","ColField":"LogUrl","DvTitle":"链接","ColTitle":"链接","ColWidth":350,"ColAlign":1,"ColHide":0,"ColOrder":4,"ColFrozen":0,"ColFormat":"0","ColSort":0,"ColExport":1,"ColQuery":0,"ColRelation":"","FormArea":1,"FormUrl":"","FormType":"text","FormSpan":1,"FormHide":0,"FormOrder":4,"FormRequired":0,"FormPlaceholder":"","FormValue":"","FormText":"","FormMaxlength":500},{"Id":"aefedccf-0478-4bc9-ab01-248bf218428c","TableName":"SysLog","ColField":"LogRemark","DvTitle":"备注","ColTitle":"备注","ColWidth":100,"ColAlign":1,"ColHide":1,"ColOrder":11,"ColFrozen":0,"ColFormat":"0","ColSort":0,"ColExport":0,"ColQuery":0,"ColRelation":"","FormArea":1,"FormUrl":null,"FormType":"text","FormSpan":1,"FormHide":1,"FormOrder":12,"FormRequired":0,"FormPlaceholder":null,"FormValue":null,"FormText":null,"FormMaxlength":200},{"Id":"d6bc738f-c141-4050-91ac-09430ce91c85","TableName":"SysLog","ColField":"LogSystemName","DvTitle":"操作系统","ColTitle":"操作系统","ColWidth":150,"ColAlign":2,"ColHide":0,"ColOrder":9,"ColFrozen":0,"ColFormat":"0","ColSort":0,"ColExport":1,"ColQuery":1,"ColRelation":"Contains,Equal","FormArea":1,"FormUrl":null,"FormType":"text","FormSpan":1,"FormHide":0,"FormOrder":9,"FormRequired":0,"FormPlaceholder":null,"FormValue":null,"FormText":null,"FormMaxlength":50},{"Id":"fa28e3c8-fe45-488f-978b-53604ac42037","TableName":"SysLog","ColField":"LogBrowserName","DvTitle":"浏览器名称","ColTitle":"浏览器名称","ColWidth":180,"ColAlign":2,"ColHide":0,"ColOrder":8,"ColFrozen":0,"ColFormat":"0","ColSort":0,"ColExport":1,"ColQuery":1,"ColRelation":"Contains,Equal","FormArea":1,"FormUrl":null,"FormType":"text","FormSpan":1,"FormHide":0,"FormOrder":8,"FormRequired":0,"FormPlaceholder":null,"FormValue":null,"FormText":null,"FormMaxlength":50},{"Id":"319e2c65-7054-409e-a790-7a9af1af8fda","TableName":"SysLog","ColField":"LogCreateTime","DvTitle":"时间","ColTitle":"时间","ColWidth":200,"ColAlign":2,"ColHide":0,"ColOrder":7,"ColFrozen":0,"ColFormat":"0","ColSort":0,"ColExport":1,"ColQuery":1,"ColRelation":"GreaterThanOrEqual,LessThanOrEqual,BetweenAnd","FormArea":1,"FormUrl":null,"FormType":"datetime","FormSpan":1,"FormHide":0,"FormOrder":7,"FormRequired":0,"FormPlaceholder":null,"FormValue":null,"FormText":null,"FormMaxlength":23},{"Id":"492605d9-19d0-41d7-bd97-d9bbdee4062b","TableName":"SysMenu","ColField":"SmOrder","DvTitle":"菜单排序","ColTitle":"菜单排序","ColWidth":100,"ColAlign":2,"ColHide":0,"ColOrder":3,"ColFrozen":0,"ColFormat":"0","ColSort":0,"ColExport":1,"ColQuery":0,"ColRelation":"","FormArea":1,"FormUrl":null,"FormType":"text","FormSpan":1,"FormHide":0,"FormOrder":4,"FormRequired":0,"FormPlaceholder":"升序","FormValue":null,"FormText":null,"FormMaxlength":10},{"Id":"a1c90aea-4e29-4591-a4fa-e0ef2dea83bd","TableName":"SysMenu","ColField":"SmIcon","DvTitle":"菜单图标","ColTitle":"菜单图标","ColWidth":250,"ColAlign":1,"ColHide":0,"ColOrder":2,"ColFrozen":0,"ColFormat":"0","ColSort":0,"ColExport":1,"ColQuery":0,"ColRelation":"","FormArea":1,"FormUrl":null,"FormType":"text","FormSpan":1,"FormHide":0,"FormOrder":3,"FormRequired":1,"FormPlaceholder":"fa-*","FormValue":null,"FormText":null,"FormMaxlength":50},{"Id":"190f7729-a3ef-4dc2-8a5d-5f3d188e2508","TableName":"SysMenu","ColField":"SmGroup","DvTitle":"菜单分组","ColTitle":"菜单分组","ColWidth":100,"ColAlign":2,"ColHide":0,"ColOrder":5,"ColFrozen":0,"ColFormat":"0","ColSort":0,"ColExport":1,"ColQuery":0,"ColRelation":"","FormArea":1,"FormUrl":null,"FormType":"text","FormSpan":1,"FormHide":0,"FormOrder":6,"FormRequired":0,"FormPlaceholder":"默认1，如PC、Mobile不同的菜单","FormValue":"1","FormText":null,"FormMaxlength":10},{"Id":"1b0232e1-30e0-4c52-ba0a-a6c82e19eff8","TableName":"SysMenu","ColField":"SmId","DvTitle":"SmId","ColTitle":"SmId","ColWidth":100,"ColAlign":1,"ColHide":2,"ColOrder":0,"ColFrozen":0,"ColFormat":"0","ColSort":0,"ColExport":-1,"ColQuery":0,"ColRelation":"","FormArea":1,"FormUrl":null,"FormType":"text","FormSpan":1,"FormHide":2,"FormOrder":1,"FormRequired":0,"FormPlaceholder":null,"FormValue":null,"FormText":null,"FormMaxlength":50},{"Id":"31972d95-e35f-4acc-966b-d73675e876e3","TableName":"SysMenu","ColField":"SmUrl","DvTitle":"菜单链接","ColTitle":"菜单链接","ColWidth":300,"ColAlign":1,"ColHide":0,"ColOrder":1,"ColFrozen":0,"ColFormat":"0","ColSort":0,"ColExport":1,"ColQuery":0,"ColRelation":"","FormArea":1,"FormUrl":null,"FormType":"text","FormSpan":1,"FormHide":0,"FormOrder":2,"FormRequired":0,"FormPlaceholder":"统一小写","FormValue":null,"FormText":null,"FormMaxlength":200},{"Id":"6472db34-e4fa-450b-be04-c680d942ed66","TableName":"SysMenu","ColField":"SmPid","DvTitle":"上级菜单","ColTitle":"上级菜单","ColWidth":100,"ColAlign":1,"ColHide":2,"ColOrder":1,"ColFrozen":0,"ColFormat":"0","ColSort":0,"ColExport":0,"ColQuery":0,"ColRelation":"","FormArea":1,"FormUrl":"/Common/QueryMenu?type=all","FormType":"combotree","FormSpan":1,"FormHide":0,"FormOrder":1,"FormRequired":0,"FormPlaceholder":"无上级菜单不填","FormValue":null,"FormText":null,"FormMaxlength":50},{"Id":"81008fba-45d0-4e8f-b335-c97c9c7e3773","TableName":"SysMenu","ColField":"SmStatus","DvTitle":"菜单状态","ColTitle":"菜单状态","ColWidth":100,"ColAlign":2,"ColHide":0,"ColOrder":4,"ColFrozen":0,"ColFormat":"17","ColSort":0,"ColExport":1,"ColQuery":0,"ColRelation":"","FormArea":1,"FormUrl":null,"FormType":"checkbox","FormSpan":1,"FormHide":0,"FormOrder":5,"FormRequired":0,"FormPlaceholder":null,"FormValue":"1","FormText":"启用菜单","FormMaxlength":10},{"Id":"35b0e34c-64cc-4c29-98ca-41c0823bb21a","TableName":"SysMenu","ColField":"SmName","DvTitle":"菜单名称","ColTitle":"菜单名称","ColWidth":300,"ColAlign":1,"ColHide":0,"ColOrder":0,"ColFrozen":0,"ColFormat":"0","ColSort":0,"ColExport":1,"ColQuery":0,"ColRelation":"","FormArea":1,"FormUrl":null,"FormType":"text","FormSpan":1,"FormHide":0,"FormOrder":0,"FormRequired":1,"FormPlaceholder":null,"FormValue":null,"FormText":null,"FormMaxlength":50},{"Id":"c6d5e56a-2560-4a33-bead-c017a7e09e83","TableName":"SysRole","ColField":"SrId","DvTitle":"SrId","ColTitle":"SrId","ColWidth":100,"ColAlign":1,"ColHide":2,"ColOrder":0,"ColFrozen":0,"ColFormat":"0","ColSort":0,"ColExport":-1,"ColQuery":0,"ColRelation":"","FormArea":1,"FormUrl":null,"FormType":"text","FormSpan":1,"FormHide":2,"FormOrder":0,"FormRequired":0,"FormPlaceholder":null,"FormValue":null,"FormText":null,"FormMaxlength":50},{"Id":"fff71a49-8aa3-4621-91a1-b3c2d5e5ae15","TableName":"SysRole","ColField":"SrGroup","DvTitle":"角色分组","ColTitle":"角色分组","ColWidth":100,"ColAlign":1,"ColHide":2,"ColOrder":3,"ColFrozen":0,"ColFormat":"0","ColSort":0,"ColExport":-1,"ColQuery":0,"ColRelation":"","FormArea":1,"FormUrl":null,"FormType":"text","FormSpan":1,"FormHide":2,"FormOrder":4,"FormRequired":0,"FormPlaceholder":null,"FormValue":null,"FormText":null,"FormMaxlength":10},{"Id":"00791e34-a362-4ca1-a6db-d41c56f51e11","TableName":"SysRole","ColField":"SrStatus","DvTitle":"角色状态","ColTitle":"角色状态","ColWidth":120,"ColAlign":2,"ColHide":0,"ColOrder":2,"ColFrozen":0,"ColFormat":"17","ColSort":1,"ColExport":1,"ColQuery":1,"ColRelation":"Equal","FormArea":1,"FormUrl":null,"FormType":"checkbox","FormSpan":2,"FormHide":0,"FormOrder":1,"FormRequired":0,"FormPlaceholder":null,"FormValue":"1","FormText":"启用角色","FormMaxlength":10},{"Id":"285ac686-156f-4b02-9323-5c14cadfcf06","TableName":"SysRole","ColField":"SrDescribe","DvTitle":"角色描述","ColTitle":"角色描述","ColWidth":500,"ColAlign":1,"ColHide":0,"ColOrder":1,"ColFrozen":0,"ColFormat":"0","ColSort":0,"ColExport":1,"ColQuery":0,"ColRelation":"","FormArea":1,"FormUrl":null,"FormType":"text","FormSpan":2,"FormHide":0,"FormOrder":2,"FormRequired":0,"FormPlaceholder":null,"FormValue":null,"FormText":null,"FormMaxlength":200},{"Id":"18a045ed-5831-4e00-8635-6d6d4622d71b","TableName":"SysRole","ColField":"SrButtons","DvTitle":"按钮","ColTitle":"按钮","ColWidth":100,"ColAlign":1,"ColHide":2,"ColOrder":6,"ColFrozen":0,"ColFormat":"0","ColSort":0,"ColExport":-1,"ColQuery":0,"ColRelation":"","FormArea":1,"FormUrl":null,"FormType":"text","FormSpan":1,"FormHide":2,"FormOrder":6,"FormRequired":0,"FormPlaceholder":null,"FormValue":null,"FormText":null,"FormMaxlength":-1},{"Id":"48622617-6eaf-4c51-9d21-65831c4833b1","TableName":"SysRole","ColField":"SrCreateTime","DvTitle":"创建时间","ColTitle":"创建时间","ColWidth":100,"ColAlign":1,"ColHide":2,"ColOrder":4,"ColFrozen":0,"ColFormat":"0","ColSort":0,"ColExport":-1,"ColQuery":0,"ColRelation":"","FormArea":1,"FormUrl":null,"FormType":"text","FormSpan":1,"FormHide":2,"FormOrder":7,"FormRequired":0,"FormPlaceholder":null,"FormValue":null,"FormText":null,"FormMaxlength":23},{"Id":"60041c0f-97b3-428b-94cf-9efd8fe2dc77","TableName":"SysRole","ColField":"SrName","DvTitle":"角色名称","ColTitle":"角色名称","ColWidth":200,"ColAlign":1,"ColHide":0,"ColOrder":0,"ColFrozen":0,"ColFormat":"0","ColSort":0,"ColExport":1,"ColQuery":1,"ColRelation":"Contains,Equal","FormArea":1,"FormUrl":null,"FormType":"text","FormSpan":2,"FormHide":0,"FormOrder":0,"FormRequired":1,"FormPlaceholder":null,"FormValue":null,"FormText":null,"FormMaxlength":200},{"Id":"601652f5-4e90-4003-95ec-7ecd28218284","TableName":"SysRole","ColField":"SrMenus","DvTitle":"菜单","ColTitle":"菜单","ColWidth":100,"ColAlign":1,"ColHide":2,"ColOrder":5,"ColFrozen":0,"ColFormat":"0","ColSort":0,"ColExport":-1,"ColQuery":0,"ColRelation":"","FormArea":1,"FormUrl":null,"FormType":"text","FormSpan":1,"FormHide":2,"FormOrder":5,"FormRequired":0,"FormPlaceholder":null,"FormValue":null,"FormText":null,"FormMaxlength":-1},{"Id":"2f0bad42-c44f-4912-82bd-e7e6009b501f","TableName":"SysTableConfig","ColField":"DvTitle","DvTitle":"默认列标题","ColTitle":"默认列标题","ColWidth":200,"ColAlign":1,"ColHide":0,"ColOrder":5,"ColFrozen":0,"ColFormat":"0","ColSort":0,"ColExport":1,"ColQuery":0,"ColRelation":"","FormArea":1,"FormUrl":null,"FormType":"text","FormSpan":1,"FormHide":0,"FormOrder":2,"FormRequired":1,"FormPlaceholder":null,"FormValue":null,"FormText":null,"FormMaxlength":200},{"Id":"0652069B-C977-41F6-9BCE-537A1A21C909","TableName":"SysTableConfig","ColField":"FormMaxlength","DvTitle":"最大长度","ColTitle":"最大长度","ColWidth":100,"ColAlign":2,"ColHide":0,"ColOrder":24,"ColFrozen":0,"ColFormat":"0","ColSort":0,"ColExport":1,"ColQuery":0,"ColRelation":"","FormArea":2,"FormUrl":null,"FormType":"text","FormSpan":1,"FormHide":0,"FormOrder":24,"FormRequired":0,"FormPlaceholder":"设置文本框 maxlength 属性，-1 MAX","FormValue":null,"FormText":null,"FormMaxlength":10},{"Id":"d223cdbf-e0c4-4d00-b0a5-0e2ce73239d7","TableName":"SysTableConfig","ColField":"FormPlaceholder","DvTitle":"输入框提示","ColTitle":"输入框提示","ColWidth":200,"ColAlign":1,"ColHide":0,"ColOrder":21,"ColFrozen":0,"ColFormat":"0","ColSort":0,"ColExport":1,"ColQuery":0,"ColRelation":"","FormArea":2,"FormUrl":null,"FormType":"text","FormSpan":1,"FormHide":0,"FormOrder":21,"FormRequired":0,"FormPlaceholder":"设置 placeholder 提示信息 或 file类型追加说明","FormValue":null,"FormText":null,"FormMaxlength":200},{"Id":"40477de2-1e16-47bd-ad34-d9510ee68296","TableName":"SysTableConfig","ColField":"ColFormat","DvTitle":"表格格式化","ColTitle":"表格格式化","ColWidth":280,"ColAlign":1,"ColHide":0,"ColOrder":9,"ColFrozen":0,"ColFormat":"col_custom_","ColSort":0,"ColExport":1,"ColQuery":1,"ColRelation":"Equal","FormArea":1,"FormUrl":"dataurl_colformat","FormType":"combobox","FormSpan":1,"FormHide":0,"FormOrder":13,"FormRequired":0,"FormPlaceholder":null,"FormValue":"0","FormText":null,"FormMaxlength":200},{"Id":"70bddf4a-2ffb-4728-9ac8-a23dbe101043","TableName":"SysTableConfig","ColField":"ColFrozen","DvTitle":"表格列冻结","ColTitle":"表格列冻结","ColWidth":120,"ColAlign":2,"ColHide":0,"ColOrder":8,"ColFrozen":0,"ColFormat":"17","ColSort":0,"ColExport":1,"ColQuery":1,"ColRelation":"Equal","FormArea":1,"FormUrl":null,"FormType":"checkbox","FormSpan":1,"FormHide":0,"FormOrder":8,"FormRequired":0,"FormPlaceholder":null,"FormValue":"0","FormText":"是冻结列","FormMaxlength":10},{"Id":"f1d4d3d1-770a-4813-bb1d-648718112c86","TableName":"SysTableConfig","ColField":"ColHide","DvTitle":"表格隐藏","ColTitle":"表格隐藏","ColWidth":150,"ColAlign":2,"ColHide":0,"ColOrder":6,"ColFrozen":0,"ColFormat":"col_custom_","ColSort":0,"ColExport":1,"ColQuery":0,"ColRelation":"","FormArea":1,"FormUrl":"dataurl_colhide","FormType":"combobox","FormSpan":1,"FormHide":0,"FormOrder":6,"FormRequired":0,"FormPlaceholder":null,"FormValue":null,"FormText":null,"FormMaxlength":10},{"Id":"ea59681d-af83-4419-a236-2435fbd6d8a6","TableName":"SysTableConfig","ColField":"FormSpan","DvTitle":"表单跨列","ColTitle":"表单跨列","ColWidth":100,"ColAlign":2,"ColHide":0,"ColOrder":17,"ColFrozen":0,"ColFormat":"col_custom_","ColSort":0,"ColExport":1,"ColQuery":0,"ColRelation":"","FormArea":2,"FormUrl":"dataurl_formspan","FormType":"combobox","FormSpan":1,"FormHide":0,"FormOrder":17,"FormRequired":0,"FormPlaceholder":null,"FormValue":"1","FormText":null,"FormMaxlength":10},{"Id":"d9791202-bfba-4658-9558-d18e3216c74e","TableName":"SysTableConfig","ColField":"ColField","DvTitle":"列键","ColTitle":"列键","ColWidth":200,"ColAlign":1,"ColHide":0,"ColOrder":2,"ColFrozen":1,"ColFormat":"0","ColSort":0,"ColExport":1,"ColQuery":1,"ColRelation":"Contains,Equal","FormArea":1,"FormUrl":null,"FormType":"text","FormSpan":1,"FormHide":0,"FormOrder":1,"FormRequired":1,"FormPlaceholder":"表字段","FormValue":null,"FormText":null,"FormMaxlength":200},{"Id":"ccc32410-656a-4bf0-a037-49b809756c38","TableName":"SysTableConfig","ColField":"TableName","DvTitle":"（虚）表名","ColTitle":"（虚）表名","ColWidth":200,"ColAlign":1,"ColHide":0,"ColOrder":0,"ColFrozen":1,"ColFormat":"0","ColSort":1,"ColExport":1,"ColQuery":1,"ColRelation":"Contains,Equal","FormArea":1,"FormUrl":null,"FormType":"text","FormSpan":1,"FormHide":0,"FormOrder":0,"FormRequired":1,"FormPlaceholder":null,"FormValue":null,"FormText":null,"FormMaxlength":200},{"Id":"d6d96911-d329-47bc-afe7-ad3c26b6ccc2","TableName":"SysTableConfig","ColField":"FormValue","DvTitle":"初始值","ColTitle":"初始值","ColWidth":150,"ColAlign":1,"ColHide":0,"ColOrder":22,"ColFrozen":0,"ColFormat":"0","ColSort":0,"ColExport":1,"ColQuery":0,"ColRelation":"","FormArea":2,"FormUrl":null,"FormType":"text","FormSpan":1,"FormHide":0,"FormOrder":22,"FormRequired":0,"FormPlaceholder":"默认值","FormValue":null,"FormText":null,"FormMaxlength":-1},{"Id":"916f1c76-9b68-4ce1-ab4e-c23a3bdef25e","TableName":"SysTableConfig","ColField":"FormRequired","DvTitle":"表单必填","ColTitle":"表单必填","ColWidth":100,"ColAlign":2,"ColHide":0,"ColOrder":20,"ColFrozen":0,"ColFormat":"17","ColSort":0,"ColExport":1,"ColQuery":1,"ColRelation":"Equal","FormArea":2,"FormUrl":null,"FormType":"checkbox","FormSpan":1,"FormHide":0,"FormOrder":20,"FormRequired":0,"FormPlaceholder":null,"FormValue":"0","FormText":"是必填项","FormMaxlength":10},{"Id":"acaeabec-f4b2-490d-8814-3bac5f933956","TableName":"SysTableConfig","ColField":"FormHide","DvTitle":"表单隐藏","ColTitle":"表单隐藏","ColWidth":150,"ColAlign":2,"ColHide":0,"ColOrder":18,"ColFrozen":0,"ColFormat":"col_custom_","ColSort":0,"ColExport":1,"ColQuery":1,"ColRelation":"Equal","FormArea":2,"FormUrl":"dataurl_formhide","FormType":"combobox","FormSpan":1,"FormHide":0,"FormOrder":18,"FormRequired":0,"FormPlaceholder":null,"FormValue":null,"FormText":null,"FormMaxlength":10},{"Id":"e0141204-ba34-48e1-809d-7875c472adaa","TableName":"SysTableConfig","ColField":"FormUrl","DvTitle":"表单来源（URL）","ColTitle":"表单来源（URL）","ColWidth":300,"ColAlign":1,"ColHide":0,"ColOrder":16,"ColFrozen":0,"ColFormat":"0","ColSort":0,"ColExport":1,"ColQuery":1,"ColRelation":"Contains,Equal","FormArea":2,"FormUrl":null,"FormType":"text","FormSpan":1,"FormHide":0,"FormOrder":15,"FormRequired":0,"FormPlaceholder":"请求的地址 或 z.DC配置的key","FormValue":null,"FormText":null,"FormMaxlength":-1},{"Id":"5e271751-1bbe-4393-b366-0052178c11ea","TableName":"SysTableConfig","ColField":"FormType","DvTitle":"输入类型","ColTitle":"输入类型","ColWidth":200,"ColAlign":1,"ColHide":0,"ColOrder":15,"ColFrozen":0,"ColFormat":"0","ColSort":0,"ColExport":1,"ColQuery":1,"ColRelation":"Equal","FormArea":2,"FormUrl":"dataurl_formtype","FormType":"combobox","FormSpan":1,"FormHide":0,"FormOrder":16,"FormRequired":0,"FormPlaceholder":null,"FormValue":"text","FormText":null,"FormMaxlength":200},{"Id":"da7bb1c5-0f76-4037-a761-0154538746ad","TableName":"SysTableConfig","ColField":"FormArea","DvTitle":"区域","ColTitle":"区域","ColWidth":120,"ColAlign":2,"ColHide":0,"ColOrder":14,"ColFrozen":0,"ColFormat":"col_custom_","ColSort":0,"ColExport":1,"ColQuery":1,"ColRelation":"Equal","FormArea":2,"FormUrl":"dataurl_formarea","FormType":"combobox","FormSpan":1,"FormHide":0,"FormOrder":14,"FormRequired":0,"FormPlaceholder":null,"FormValue":"1","FormText":null,"FormMaxlength":10},{"Id":"c6eae40f-258e-47e3-8309-59dd09ac37da","TableName":"SysTableConfig","ColField":"ColTitle","DvTitle":"列标题","ColTitle":"列标题","ColWidth":250,"ColAlign":1,"ColHide":0,"ColOrder":1,"ColFrozen":1,"ColFormat":"0","ColSort":0,"ColExport":1,"ColQuery":1,"ColRelation":"Contains,Equal","FormArea":1,"FormUrl":null,"FormType":"text","FormSpan":1,"FormHide":0,"FormOrder":3,"FormRequired":1,"FormPlaceholder":null,"FormValue":null,"FormText":"显示列标题","FormMaxlength":200},{"Id":"c94de34f-5021-49c1-94fc-2107028654b7","TableName":"SysTableConfig","ColField":"ColExport","DvTitle":"导出","ColTitle":"导出","ColWidth":80,"ColAlign":2,"ColHide":0,"ColOrder":11,"ColFrozen":0,"ColFormat":"17","ColSort":0,"ColExport":1,"ColQuery":1,"ColRelation":"Equal","FormArea":1,"FormUrl":null,"FormType":"checkbox","FormSpan":1,"FormHide":0,"FormOrder":12,"FormRequired":0,"FormPlaceholder":null,"FormValue":"0","FormText":"是导出列","FormMaxlength":10},{"Id":"3ab0d2cb-459f-4523-859e-eff22b8e46b1","TableName":"SysTableConfig","ColField":"Id","DvTitle":"Id","ColTitle":"Id","ColWidth":100,"ColAlign":1,"ColHide":2,"ColOrder":2,"ColFrozen":0,"ColFormat":"0","ColSort":0,"ColExport":-1,"ColQuery":0,"ColRelation":"","FormArea":1,"FormUrl":null,"FormType":"text","FormSpan":1,"FormHide":2,"FormOrder":1,"FormRequired":0,"FormPlaceholder":null,"FormValue":null,"FormText":null,"FormMaxlength":50},{"Id":"3b037cb4-7181-428c-9ae9-3b1ff2e3aed1","TableName":"SysTableConfig","ColField":"ColWidth","DvTitle":"表格列宽","ColTitle":"表格列宽","ColWidth":100,"ColAlign":2,"ColHide":0,"ColOrder":4,"ColFrozen":0,"ColFormat":"0","ColSort":0,"ColExport":1,"ColQuery":0,"ColRelation":"","FormArea":1,"FormUrl":null,"FormType":"text","FormSpan":1,"FormHide":0,"FormOrder":4,"FormRequired":0,"FormPlaceholder":null,"FormValue":"100","FormText":null,"FormMaxlength":10},{"Id":"9bd08641-1e04-4f0f-a7e9-b89384879f3a","TableName":"SysTableConfig","ColField":"FormOrder","DvTitle":"表单排序","ColTitle":"表单排序","ColWidth":100,"ColAlign":2,"ColHide":0,"ColOrder":19,"ColFrozen":0,"ColFormat":"0","ColSort":0,"ColExport":1,"ColQuery":0,"ColRelation":"","FormArea":2,"FormUrl":null,"FormType":"text","FormSpan":1,"FormHide":0,"FormOrder":19,"FormRequired":0,"FormPlaceholder":null,"FormValue":"100","FormText":null,"FormMaxlength":10},{"Id":"a2e69048-825b-49d7-8641-211320302b06","TableName":"SysTableConfig","ColField":"ColAlign","DvTitle":"对齐方式","ColTitle":"对齐方式","ColWidth":100,"ColAlign":2,"ColHide":0,"ColOrder":3,"ColFrozen":0,"ColFormat":"col_custom_","ColSort":0,"ColExport":1,"ColQuery":0,"ColRelation":"","FormArea":1,"FormUrl":"dataurl_colalign","FormType":"combobox","FormSpan":1,"FormHide":0,"FormOrder":5,"FormRequired":0,"FormPlaceholder":null,"FormValue":"1","FormText":null,"FormMaxlength":10},{"Id":"bbea4c72-cec1-4cfa-b5f8-7b040432546b","TableName":"SysTableConfig","ColField":"ColOrder","DvTitle":"表格排序","ColTitle":"表格排序","ColWidth":100,"ColAlign":2,"ColHide":0,"ColOrder":7,"ColFrozen":0,"ColFormat":"0","ColSort":1,"ColExport":1,"ColQuery":0,"ColRelation":"","FormArea":1,"FormUrl":null,"FormType":"text","FormSpan":1,"FormHide":0,"FormOrder":7,"FormRequired":0,"FormPlaceholder":"列排序，升序","FormValue":"100","FormText":null,"FormMaxlength":10},{"Id":"150475f0-2ada-4a82-ad6e-1e6a0f139c77","TableName":"SysTableConfig","ColField":"FormText","DvTitle":"显示文本","ColTitle":"显示文本","ColWidth":200,"ColAlign":1,"ColHide":0,"ColOrder":23,"ColFrozen":0,"ColFormat":"0","ColSort":0,"ColExport":1,"ColQuery":0,"ColRelation":"","FormArea":2,"FormUrl":null,"FormType":"text","FormSpan":1,"FormHide":0,"FormOrder":23,"FormRequired":0,"FormPlaceholder":"checkbox类型后面带的文字说明","FormValue":null,"FormText":null,"FormMaxlength":-1},{"Id":"376257e4-993c-4c37-926f-5c59a80282ed","TableName":"SysTableConfig","ColField":"ColQuery","DvTitle":"查询","ColTitle":"查询","ColWidth":80,"ColAlign":2,"ColHide":0,"ColOrder":12,"ColFrozen":0,"ColFormat":"17","ColSort":0,"ColExport":1,"ColQuery":1,"ColRelation":"Equal","FormArea":1,"FormUrl":null,"FormType":"checkbox","FormSpan":1,"FormHide":0,"FormOrder":10,"FormRequired":0,"FormPlaceholder":null,"FormValue":"0","FormText":"启用查询","FormMaxlength":10},{"Id":"487F7E1E-E5F6-4EBB-A4EC-25BEE882B11E","TableName":"SysTableConfig","ColField":"ColRelation","DvTitle":"查询关系符","ColTitle":"查询关系符","ColWidth":120,"ColAlign":2,"ColHide":0,"ColOrder":13,"ColFrozen":0,"ColFormat":"0","ColSort":0,"ColExport":1,"ColQuery":0,"ColRelation":"","FormArea":1,"FormUrl":"dataurl_colrelation","FormType":"combobox","FormSpan":1,"FormHide":0,"FormOrder":11,"FormRequired":0,"FormPlaceholder":"支持的查询关系符，有先后顺序","FormValue":null,"FormText":null,"FormMaxlength":200},{"Id":"ac56b715-d42f-4c10-9457-12d424611216","TableName":"SysTableConfig","ColField":"ColSort","DvTitle":"启用排序","ColTitle":"启用排序","ColWidth":100,"ColAlign":2,"ColHide":0,"ColOrder":10,"ColFrozen":0,"ColFormat":"17","ColSort":0,"ColExport":1,"ColQuery":1,"ColRelation":"Equal","FormArea":1,"FormUrl":null,"FormType":"checkbox","FormSpan":1,"FormHide":0,"FormOrder":9,"FormRequired":0,"FormPlaceholder":null,"FormValue":"0","FormText":"点击标题排序","FormMaxlength":10},{"Id":"f66dbefe-b3e7-4de7-9871-1b635aee0590","TableName":"SysUser","ColField":"SrId","DvTitle":"角色","ColTitle":"角色","ColWidth":180,"ColAlign":1,"ColHide":0,"ColOrder":2,"ColFrozen":0,"ColFormat":"col_custom_","ColSort":0,"ColExport":1,"ColQuery":1,"ColRelation":"Equal","FormArea":1,"FormUrl":"/common/queryrole","FormType":"combobox","FormSpan":2,"FormHide":0,"FormOrder":3,"FormRequired":1,"FormPlaceholder":null,"FormValue":null,"FormText":null,"FormMaxlength":50},{"Id":"1335ea24-e1a4-4c9b-bf9c-0e19e8647549","TableName":"SysUser","ColField":"OldUserPwd","DvTitle":"OldUserPwd","ColTitle":"OldUserPwd","ColWidth":100,"ColAlign":1,"ColHide":2,"ColOrder":8,"ColFrozen":0,"ColFormat":"0","ColSort":0,"ColExport":-1,"ColQuery":0,"ColRelation":"","FormArea":1,"FormUrl":null,"FormType":"text","FormSpan":1,"FormHide":2,"FormOrder":100,"FormRequired":0,"FormPlaceholder":null,"FormValue":null,"FormText":null,"FormMaxlength":0},{"Id":"2b6ecc3a-d844-4b30-a70a-4f3b54987755","TableName":"SysUser","ColField":"SuName","DvTitle":"账号","ColTitle":"账号","ColWidth":180,"ColAlign":1,"ColHide":0,"ColOrder":0,"ColFrozen":0,"ColFormat":"0","ColSort":0,"ColExport":1,"ColQuery":1,"ColRelation":"Contains,Equal","FormArea":1,"FormUrl":null,"FormType":"text","FormSpan":2,"FormHide":0,"FormOrder":0,"FormRequired":1,"FormPlaceholder":null,"FormValue":null,"FormText":null,"FormMaxlength":50},{"Id":"2e89474d-b82e-4eb3-9dd9-b27de8d34796","TableName":"SysUser","ColField":"SuGroup","DvTitle":"分组","ColTitle":"分组","ColWidth":100,"ColAlign":1,"ColHide":2,"ColOrder":7,"ColFrozen":0,"ColFormat":"0","ColSort":0,"ColExport":-1,"ColQuery":0,"ColRelation":"","FormArea":1,"FormUrl":null,"FormType":"text","FormSpan":1,"FormHide":2,"FormOrder":9,"FormRequired":0,"FormPlaceholder":null,"FormValue":null,"FormText":null,"FormMaxlength":10},{"Id":"76a03893-47c2-49f7-aa7b-a5ab44e9b0f4","TableName":"SysUser","ColField":"SuSign","DvTitle":"登录标识","ColTitle":"登录标识","ColWidth":100,"ColAlign":1,"ColHide":2,"ColOrder":6,"ColFrozen":0,"ColFormat":"0","ColSort":0,"ColExport":-1,"ColQuery":0,"ColRelation":"","FormArea":1,"FormUrl":null,"FormType":"text","FormSpan":1,"FormHide":2,"FormOrder":8,"FormRequired":0,"FormPlaceholder":null,"FormValue":null,"FormText":null,"FormMaxlength":50},{"Id":"d52a415c-11f2-4dc0-934f-8512252b3347","TableName":"SysUser","ColField":"SuNickname","DvTitle":"姓名","ColTitle":"姓名","ColWidth":180,"ColAlign":1,"ColHide":0,"ColOrder":1,"ColFrozen":0,"ColFormat":"0","ColSort":0,"ColExport":1,"ColQuery":1,"ColRelation":"Contains,Equal","FormArea":1,"FormUrl":null,"FormType":"text","FormSpan":2,"FormHide":0,"FormOrder":1,"FormRequired":1,"FormPlaceholder":null,"FormValue":null,"FormText":null,"FormMaxlength":50},{"Id":"b0221d71-dc48-4ae0-adb9-24f32333b8d1","TableName":"SysUser","ColField":"SuPwd","DvTitle":"密码","ColTitle":"密码","ColWidth":100,"ColAlign":1,"ColHide":1,"ColOrder":4,"ColFrozen":0,"ColFormat":"0","ColSort":0,"ColExport":0,"ColQuery":0,"ColRelation":"","FormArea":1,"FormUrl":null,"FormType":"password","FormSpan":2,"FormHide":0,"FormOrder":2,"FormRequired":1,"FormPlaceholder":null,"FormValue":null,"FormText":null,"FormMaxlength":50},{"Id":"4a982e49-18a5-4fe7-801b-2e0aff3cb56b","TableName":"SysUser","ColField":"SuStatus","DvTitle":"状态","ColTitle":"状态","ColWidth":80,"ColAlign":2,"ColHide":0,"ColOrder":5,"ColFrozen":0,"ColFormat":"17","ColSort":0,"ColExport":1,"ColQuery":1,"ColRelation":"Equal","FormArea":1,"FormUrl":null,"FormType":"checkbox","FormSpan":2,"FormHide":0,"FormOrder":4,"FormRequired":0,"FormPlaceholder":null,"FormValue":null,"FormText":"启用账号","FormMaxlength":10},{"Id":"37eb99c4-2e6f-4264-ac4a-04099c6066c0","TableName":"SysUser","ColField":"SuId","DvTitle":"SuId","ColTitle":"SuId","ColWidth":100,"ColAlign":1,"ColHide":2,"ColOrder":0,"ColFrozen":0,"ColFormat":"0","ColSort":0,"ColExport":-1,"ColQuery":0,"ColRelation":"","FormArea":1,"FormUrl":null,"FormType":"text","FormSpan":1,"FormHide":2,"FormOrder":1,"FormRequired":0,"FormPlaceholder":null,"FormValue":null,"FormText":null,"FormMaxlength":50},{"Id":"058d78a0-d244-45bc-a8be-fbc31efee9cf","TableName":"SysUser","ColField":"SuCreateTime","DvTitle":"创建时间","ColTitle":"创建时间","ColWidth":180,"ColAlign":2,"ColHide":0,"ColOrder":3,"ColFrozen":0,"ColFormat":"0","ColSort":0,"ColExport":1,"ColQuery":1,"ColRelation":"GreaterThanOrEqual,LessThanOrEqual,BetweenAnd","FormArea":1,"FormUrl":null,"FormType":"date","FormSpan":1,"FormHide":1,"FormOrder":6,"FormRequired":0,"FormPlaceholder":null,"FormValue":null,"FormText":null,"FormMaxlength":23},{"Id":"16f668be-74c4-4686-b4f0-fcb7d2fac43c","TableName":"TempExample","ColField":"FormType","DvTitle":"下拉树","ColTitle":"下拉树","ColWidth":130,"ColAlign":1,"ColHide":0,"ColOrder":0,"ColFrozen":0,"ColFormat":"0","ColSort":0,"ColExport":1,"ColQuery":1,"ColRelation":"Contains,Equal","FormArea":1,"FormUrl":"/common/querymenu","FormType":"combotree","FormSpan":1,"FormHide":0,"FormOrder":0,"FormRequired":0,"FormPlaceholder":"","FormValue":"F8C1C161-F1FC-4729-A00C-4A9893BF8209","FormText":"","FormMaxlength":200},{"Id":"225547f4-b9ff-4d08-81fe-a8d4ce1f8616","TableName":"TempExample","ColField":"ColOrder","DvTitle":"密码框","ColTitle":"密码框","ColWidth":130,"ColAlign":1,"ColHide":0,"ColOrder":14,"ColFrozen":0,"ColFormat":"0","ColSort":0,"ColExport":1,"ColQuery":1,"ColRelation":"Contains,Equal","FormArea":1,"FormUrl":"","FormType":"password","FormSpan":1,"FormHide":0,"FormOrder":14,"FormRequired":0,"FormPlaceholder":"","FormValue":"","FormText":"","FormMaxlength":10},{"Id":"068cb3ea-c0a3-4839-8bd7-4deb35fa6ddb","TableName":"TempExample","ColField":"FormPlaceholder","DvTitle":"人员姓名","ColTitle":"人员姓名","ColWidth":130,"ColAlign":1,"ColHide":0,"ColOrder":10,"ColFrozen":0,"ColFormat":"0","ColSort":0,"ColExport":1,"ColQuery":1,"ColRelation":"Contains,Equal","FormArea":1,"FormUrl":"/setting/sysuser","FormType":"modal","FormSpan":1,"FormHide":0,"FormOrder":10,"FormRequired":1,"FormPlaceholder":null,"FormValue":null,"FormText":null,"FormMaxlength":200},{"Id":"6f7a8a99-0c22-499f-a838-f6960a2194a6","TableName":"TempExample","ColField":"FormRequired","DvTitle":"1必填","ColTitle":"1必填","ColWidth":130,"ColAlign":1,"ColHide":0,"ColOrder":15,"ColFrozen":0,"ColFormat":"0","ColSort":0,"ColExport":1,"ColQuery":1,"ColRelation":"Contains,Equal","FormArea":1,"FormUrl":"","FormType":"checkbox","FormSpan":1,"FormHide":0,"FormOrder":15,"FormRequired":0,"FormPlaceholder":"","FormValue":"","FormText":"","FormMaxlength":10},{"Id":"2681839b-59b0-4c6c-87a4-281ecb2c0b0c","TableName":"TempExample","ColField":"FormArea","DvTitle":"默认多选","ColTitle":"默认多选","ColWidth":130,"ColAlign":1,"ColHide":0,"ColOrder":5,"ColFrozen":0,"ColFormat":"0","ColSort":0,"ColExport":1,"ColQuery":1,"ColRelation":"Contains,Equal","FormArea":1,"FormUrl":"dataurl_formarea","FormType":"combobox","FormSpan":1,"FormHide":0,"FormOrder":5,"FormRequired":0,"FormPlaceholder":"","FormValue":"1,2","FormText":"","FormMaxlength":10},{"Id":"112d21f8-102c-4c26-9776-1a5401d079d8","TableName":"TempExample","ColField":"ColField","DvTitle":"必填项","ColTitle":"必填项","ColWidth":130,"ColAlign":1,"ColHide":0,"ColOrder":13,"ColFrozen":0,"ColFormat":"0","ColSort":0,"ColExport":1,"ColQuery":1,"ColRelation":"Contains,Equal","FormArea":1,"FormUrl":"","FormType":"text","FormSpan":1,"FormHide":0,"FormOrder":13,"FormRequired":1,"FormPlaceholder":"请输入内容，必填","FormValue":"","FormText":"","FormMaxlength":200},{"Id":"6c95b7b9-cbfa-415f-8f89-6461b2f62f95","TableName":"TempExample","ColField":"ColAlign","DvTitle":"默认值","ColTitle":"默认值","ColWidth":130,"ColAlign":1,"ColHide":0,"ColOrder":6,"ColFrozen":0,"ColFormat":"0","ColSort":0,"ColExport":1,"ColQuery":1,"ColRelation":"Contains,Equal","FormArea":1,"FormUrl":"dataurl_colalign","FormType":"combobox","FormSpan":1,"FormHide":0,"FormOrder":6,"FormRequired":0,"FormPlaceholder":"","FormValue":"2","FormText":"","FormMaxlength":10},{"Id":"6cf8f27a-0af1-4cda-a220-f0aa7f30dd71","TableName":"TempExample","ColField":"ColExport","DvTitle":"1导出","ColTitle":"1导出","ColWidth":130,"ColAlign":1,"ColHide":0,"ColOrder":17,"ColFrozen":0,"ColFormat":"0","ColSort":0,"ColExport":1,"ColQuery":1,"ColRelation":"Contains,Equal","FormArea":1,"FormUrl":null,"FormType":"checkbox","FormSpan":1,"FormHide":0,"FormOrder":17,"FormRequired":0,"FormPlaceholder":null,"FormValue":null,"FormText":"导出","FormMaxlength":10},{"Id":"57d8737e-7882-4f8a-b2ec-3c81aae78ce5","TableName":"TempExample","ColField":"ColFormat","DvTitle":"combobox","ColTitle":"combobox","ColWidth":130,"ColAlign":1,"ColHide":0,"ColOrder":4,"ColFrozen":0,"ColFormat":"0","ColSort":0,"ColExport":1,"ColQuery":1,"ColRelation":"Contains,Equal","FormArea":1,"FormUrl":"dataurl_colformat","FormType":"combobox","FormSpan":1,"FormHide":0,"FormOrder":4,"FormRequired":0,"FormPlaceholder":"","FormValue":"","FormText":"","FormMaxlength":200},{"Id":"583d5a87-334c-4959-ae51-471f4347f639","TableName":"TempExample","ColField":"ColSort","DvTitle":"默认勾选","ColTitle":"默认勾选","ColWidth":130,"ColAlign":1,"ColHide":0,"ColOrder":3,"ColFrozen":0,"ColFormat":"0","ColSort":0,"ColExport":1,"ColQuery":1,"ColRelation":"Contains,Equal","FormArea":1,"FormUrl":"","FormType":"checkbox","FormSpan":1,"FormHide":0,"FormOrder":3,"FormRequired":0,"FormPlaceholder":"","FormValue":"1","FormText":"默认选中","FormMaxlength":10},{"Id":"5b956efd-d0f7-4cc4-a183-0b9b862164be","TableName":"TempExample","ColField":"ColWidth","DvTitle":"人员账号","ColTitle":"人员账号","ColWidth":130,"ColAlign":1,"ColHide":0,"ColOrder":11,"ColFrozen":0,"ColFormat":"0","ColSort":0,"ColExport":1,"ColQuery":1,"ColRelation":"Contains,Equal","FormArea":1,"FormUrl":"/setting/sysuser","FormType":"modal","FormSpan":1,"FormHide":0,"FormOrder":11,"FormRequired":0,"FormPlaceholder":null,"FormValue":null,"FormText":null,"FormMaxlength":10},{"Id":"0cf595e4-d38d-4670-8d8c-24bc8e7a94b3","TableName":"TempExample","ColField":"ColQuery","DvTitle":"1查询","ColTitle":"1查询","ColWidth":130,"ColAlign":1,"ColHide":0,"ColOrder":19,"ColFrozen":0,"ColFormat":"0","ColSort":0,"ColExport":1,"ColQuery":1,"ColRelation":"Contains,Equal","FormArea":1,"FormUrl":"","FormType":"checkbox","FormSpan":1,"FormHide":0,"FormOrder":19,"FormRequired":0,"FormPlaceholder":"","FormValue":"","FormText":"","FormMaxlength":10},{"Id":"19c81b1a-3355-4a2e-b555-92b8a1928235","TableName":"TempExample","ColField":"FormText","DvTitle":"显示文本","ColTitle":"显示文本","ColWidth":130,"ColAlign":1,"ColHide":0,"ColOrder":22,"ColFrozen":0,"ColFormat":"0","ColSort":0,"ColExport":1,"ColQuery":1,"ColRelation":"Contains,Equal","FormArea":1,"FormUrl":"","FormType":"text","FormSpan":1,"FormHide":0,"FormOrder":22,"FormRequired":0,"FormPlaceholder":"","FormValue":"","FormText":"","FormMaxlength":-1},{"Id":"2b69d797-f16d-426e-a027-e54252762278","TableName":"TempExample","ColField":"FormValue","DvTitle":"选择角色","ColTitle":"选择角色","ColWidth":130,"ColAlign":1,"ColHide":0,"ColOrder":12,"ColFrozen":0,"ColFormat":"0","ColSort":0,"ColExport":1,"ColQuery":1,"ColRelation":"Contains,Equal","FormArea":1,"FormUrl":"/setting/sysrole","FormType":"modal","FormSpan":1,"FormHide":0,"FormOrder":12,"FormRequired":1,"FormPlaceholder":"","FormValue":"","FormText":"","FormMaxlength":-1},{"Id":"5357bb9f-3e6c-4d92-a881-1b578db0fb53","TableName":"TempExample","ColField":"DvTitle","DvTitle":"时分秒","ColTitle":"时分秒","ColWidth":130,"ColAlign":1,"ColHide":0,"ColOrder":9,"ColFrozen":0,"ColFormat":"0","ColSort":0,"ColExport":1,"ColQuery":1,"ColRelation":"Contains,Equal","FormArea":1,"FormUrl":"","FormType":"time","FormSpan":1,"FormHide":0,"FormOrder":9,"FormRequired":0,"FormPlaceholder":"","FormValue":"","FormText":"","FormMaxlength":200},{"Id":"1f35bdf5-1c06-4271-b2b8-cfbf6673718c","TableName":"TempExample","ColField":"TableName","DvTitle":"文本域","ColTitle":"文本域","ColWidth":130,"ColAlign":1,"ColHide":0,"ColOrder":16,"ColFrozen":0,"ColFormat":"0","ColSort":0,"ColExport":1,"ColQuery":1,"ColRelation":"Contains,Equal","FormArea":1,"FormUrl":null,"FormType":"textarea","FormSpan":2,"FormHide":0,"FormOrder":16,"FormRequired":1,"FormPlaceholder":"请输入表名","FormValue":null,"FormText":null,"FormMaxlength":200},{"Id":"868a1e6c-e8e1-44ec-b792-ccacad1d78e4","TableName":"TempExample","ColField":"Id","DvTitle":"Id","ColTitle":"Id","ColWidth":130,"ColAlign":1,"ColHide":1,"ColOrder":1,"ColFrozen":0,"ColFormat":"0","ColSort":0,"ColExport":0,"ColQuery":0,"ColRelation":"","FormArea":1,"FormUrl":null,"FormType":"text","FormSpan":1,"FormHide":1,"FormOrder":1,"FormRequired":0,"FormPlaceholder":null,"FormValue":null,"FormText":null,"FormMaxlength":50},{"Id":"8ce5bbe0-730b-4115-a702-7fa6110dcc13","TableName":"TempExample","ColField":"FormSpan","DvTitle":"combotree","ColTitle":"combotree","ColWidth":130,"ColAlign":1,"ColHide":0,"ColOrder":1,"ColFrozen":0,"ColFormat":"0","ColSort":0,"ColExport":1,"ColQuery":1,"ColRelation":"Contains,Equal","FormArea":1,"FormUrl":"/common/querymenu?custom=m","FormType":"combotree","FormSpan":1,"FormHide":0,"FormOrder":1,"FormRequired":0,"FormPlaceholder":"","FormValue":"","FormText":"","FormMaxlength":10},{"Id":"b21e1cb6-1d06-4b65-9ef2-0e0d8ad6b1b5","TableName":"TempExample","ColField":"FormUrl","DvTitle":"年月日时分秒","ColTitle":"年月日时分秒","ColWidth":130,"ColAlign":1,"ColHide":0,"ColOrder":7,"ColFrozen":0,"ColFormat":"0","ColSort":0,"ColExport":1,"ColQuery":1,"ColRelation":"Contains,Equal","FormArea":1,"FormUrl":"","FormType":"datetime","FormSpan":1,"FormHide":0,"FormOrder":7,"FormRequired":0,"FormPlaceholder":"","FormValue":"","FormText":"","FormMaxlength":-1},{"Id":"c1670769-2d9e-4497-9eea-c158c45f39c7","TableName":"TempExample","ColField":"FormHide","DvTitle":"1隐藏","ColTitle":"1隐藏","ColWidth":130,"ColAlign":1,"ColHide":0,"ColOrder":18,"ColFrozen":0,"ColFormat":"0","ColSort":0,"ColExport":1,"ColQuery":1,"ColRelation":"Contains,Equal","FormArea":1,"FormUrl":"","FormType":"checkbox","FormSpan":1,"FormHide":0,"FormOrder":18,"FormRequired":0,"FormPlaceholder":"","FormValue":"","FormText":"","FormMaxlength":10},{"Id":"d832f9ed-594c-4b45-9fad-9e957c6ed778","TableName":"TempExample","ColField":"ColFrozen","DvTitle":"1冻结","ColTitle":"1冻结","ColWidth":130,"ColAlign":1,"ColHide":0,"ColOrder":20,"ColFrozen":0,"ColFormat":"0","ColSort":0,"ColExport":1,"ColQuery":1,"ColRelation":"Contains,Equal","FormArea":1,"FormUrl":"","FormType":"text","FormSpan":1,"FormHide":0,"FormOrder":20,"FormRequired":0,"FormPlaceholder":"","FormValue":"","FormText":"","FormMaxlength":10},{"Id":"e9d16c7e-94c9-4e2d-9496-bc9bf77c264f","TableName":"TempExample","ColField":"ColTitle","DvTitle":"年月日","ColTitle":"年月日","ColWidth":130,"ColAlign":1,"ColHide":0,"ColOrder":8,"ColFrozen":0,"ColFormat":"0","ColSort":0,"ColExport":1,"ColQuery":1,"ColRelation":"Contains,Equal","FormArea":1,"FormUrl":"","FormType":"date","FormSpan":1,"FormHide":0,"FormOrder":8,"FormRequired":0,"FormPlaceholder":"","FormValue":"","FormText":"","FormMaxlength":200},{"Id":"871c1787-c5b1-48d3-89df-a4871a9f4c7e","TableName":"TempExample","ColField":"ColHide","DvTitle":"勾选1或0","ColTitle":"勾选1或0","ColWidth":130,"ColAlign":1,"ColHide":0,"ColOrder":2,"ColFrozen":0,"ColFormat":"0","ColSort":0,"ColExport":1,"ColQuery":1,"ColRelation":"Contains,Equal","FormArea":1,"FormUrl":"","FormType":"checkbox","FormSpan":1,"FormHide":0,"FormOrder":2,"FormRequired":0,"FormPlaceholder":"","FormValue":"","FormText":"勾选得到1不勾选为空","FormMaxlength":10},{"Id":"8c3de45b-42ad-4336-9201-38261cc8be81","TableName":"TempExample","ColField":"FormOrder","DvTitle":"排序","ColTitle":"排序","ColWidth":130,"ColAlign":1,"ColHide":0,"ColOrder":21,"ColFrozen":0,"ColFormat":"0","ColSort":0,"ColExport":1,"ColQuery":1,"ColRelation":"Contains,Equal","FormArea":1,"FormUrl":"","FormType":"text","FormSpan":1,"FormHide":0,"FormOrder":21,"FormRequired":0,"FormPlaceholder":"","FormValue":"","FormText":"","FormMaxlength":10},{"Id":"3435753f-219e-4f48-b17e-c7f4872eafcd","TableName":"TempInvoiceDetail","ColField":"TimNo","DvTitle":"单据号","ColTitle":"单据号","ColWidth":120,"ColAlign":1,"ColHide":2,"ColOrder":3,"ColFrozen":0,"ColFormat":"0","ColSort":0,"ColExport":1,"ColQuery":0,"ColRelation":"","FormArea":1,"FormUrl":null,"FormType":"text","FormSpan":1,"FormHide":0,"FormOrder":3,"FormRequired":0,"FormPlaceholder":null,"FormValue":null,"FormText":null,"FormMaxlength":50},{"Id":"aa43839c-52dd-42a0-a93c-140e2f0fbf24","TableName":"TempInvoiceDetail","ColField":"GoodsCost","DvTitle":"商品成本","ColTitle":"商品成本","ColWidth":120,"ColAlign":1,"ColHide":0,"ColOrder":10,"ColFrozen":0,"ColFormat":"0","ColSort":0,"ColExport":1,"ColQuery":0,"ColRelation":"","FormArea":1,"FormUrl":null,"FormType":"text","FormSpan":1,"FormHide":0,"FormOrder":7,"FormRequired":0,"FormPlaceholder":null,"FormValue":null,"FormText":null,"FormMaxlength":8},{"Id":"e9b2ea7a-57fd-41ed-b5d0-f145c426de9c","TableName":"TempInvoiceDetail","ColField":"GoodsId","DvTitle":"商品ID","ColTitle":"商品名称","ColWidth":150,"ColAlign":1,"ColHide":0,"ColOrder":5,"ColFrozen":0,"ColFormat":"0","ColSort":0,"ColExport":1,"ColQuery":0,"ColRelation":"","FormArea":1,"FormUrl":null,"FormType":"text","FormSpan":1,"FormHide":0,"FormOrder":5,"FormRequired":1,"FormPlaceholder":null,"FormValue":null,"FormText":null,"FormMaxlength":50},{"Id":"ce9f5c59-ef13-42d4-abf3-0b76513c5fe1","TableName":"TempInvoiceDetail","ColField":"GoodsPrice","DvTitle":"商品售价","ColTitle":"商品售价","ColWidth":120,"ColAlign":1,"ColHide":0,"ColOrder":11,"ColFrozen":0,"ColFormat":"0","ColSort":0,"ColExport":1,"ColQuery":0,"ColRelation":"","FormArea":1,"FormUrl":null,"FormType":"text","FormSpan":1,"FormHide":0,"FormOrder":8,"FormRequired":0,"FormPlaceholder":null,"FormValue":null,"FormText":null,"FormMaxlength":8},{"Id":"919f96ef-e9e2-4c81-8e28-f6d7e6c0b997","TableName":"TempInvoiceDetail","ColField":"TimId","DvTitle":"单据主表ID","ColTitle":"单据主表ID","ColWidth":120,"ColAlign":1,"ColHide":2,"ColOrder":2,"ColFrozen":0,"ColFormat":"0","ColSort":0,"ColExport":1,"ColQuery":0,"ColRelation":"","FormArea":1,"FormUrl":null,"FormType":"text","FormSpan":1,"FormHide":0,"FormOrder":2,"FormRequired":0,"FormPlaceholder":null,"FormValue":null,"FormText":null,"FormMaxlength":50},{"Id":"75cf04e6-b63b-40ef-a39f-c00bdd87f973","TableName":"TempInvoiceDetail","ColField":"TidOrder","DvTitle":"排序","ColTitle":"排序","ColWidth":120,"ColAlign":1,"ColHide":2,"ColOrder":4,"ColFrozen":0,"ColFormat":"0","ColSort":0,"ColExport":1,"ColQuery":0,"ColRelation":"","FormArea":1,"FormUrl":null,"FormType":"text","FormSpan":1,"FormHide":0,"FormOrder":4,"FormRequired":0,"FormPlaceholder":null,"FormValue":null,"FormText":null,"FormMaxlength":10},{"Id":"dfbff4f1-e20a-4f9f-9ca1-cd0e17e894a0","TableName":"TempInvoiceDetail","ColField":"GoodsCode","DvTitle":"商品编码","ColTitle":"商品编码","ColWidth":120,"ColAlign":1,"ColHide":0,"ColOrder":6,"ColFrozen":0,"ColFormat":"0","ColSort":0,"ColExport":1,"ColQuery":0,"ColRelation":"","FormArea":1,"FormUrl":null,"FormType":"text","FormSpan":1,"FormHide":0,"FormOrder":9,"FormRequired":0,"FormPlaceholder":null,"FormValue":null,"FormText":null,"FormMaxlength":50},{"Id":"879fee52-f775-4999-b484-8217f6d052d9","TableName":"TempInvoiceDetail","ColField":"GoodsType","DvTitle":"商品类别","ColTitle":"商品类别","ColWidth":120,"ColAlign":1,"ColHide":0,"ColOrder":7,"ColFrozen":0,"ColFormat":"0","ColSort":0,"ColExport":1,"ColQuery":0,"ColRelation":"","FormArea":1,"FormUrl":null,"FormType":"text","FormSpan":1,"FormHide":0,"FormOrder":10,"FormRequired":0,"FormPlaceholder":null,"FormValue":null,"FormText":null,"FormMaxlength":50},{"Id":"30d0531d-2e82-495f-ac7d-cdd5227a3e9e","TableName":"TempInvoiceDetail","ColField":"GoodsModel","DvTitle":"规格型号","ColTitle":"规格型号","ColWidth":120,"ColAlign":1,"ColHide":0,"ColOrder":8,"ColFrozen":0,"ColFormat":"0","ColSort":0,"ColExport":1,"ColQuery":0,"ColRelation":"","FormArea":1,"FormUrl":null,"FormType":"text","FormSpan":1,"FormHide":0,"FormOrder":11,"FormRequired":0,"FormPlaceholder":null,"FormValue":null,"FormText":null,"FormMaxlength":50},{"Id":"95145dae-d6a6-4186-a5db-ac4fa75897c2","TableName":"TempInvoiceDetail","ColField":"GoodsCount","DvTitle":"商品数量","ColTitle":"商品数量","ColWidth":120,"ColAlign":1,"ColHide":0,"ColOrder":9,"ColFrozen":0,"ColFormat":"0","ColSort":0,"ColExport":1,"ColQuery":0,"ColRelation":"","FormArea":1,"FormUrl":null,"FormType":"text","FormSpan":1,"FormHide":0,"FormOrder":6,"FormRequired":0,"FormPlaceholder":null,"FormValue":null,"FormText":null,"FormMaxlength":10},{"Id":"0055e38d-951a-4d9f-8028-375373455fe1","TableName":"TempInvoiceDetail","ColField":"TidId","DvTitle":"TidId","ColTitle":"TidId","ColWidth":120,"ColAlign":1,"ColHide":2,"ColOrder":1,"ColFrozen":0,"ColFormat":"0","ColSort":0,"ColExport":1,"ColQuery":0,"ColRelation":"","FormArea":1,"FormUrl":null,"FormType":"text","FormSpan":1,"FormHide":1,"FormOrder":1,"FormRequired":0,"FormPlaceholder":null,"FormValue":null,"FormText":null,"FormMaxlength":50},{"Id":"698d6423-3ee2-4a8c-a163-37973d273f42","TableName":"TempInvoiceMain","ColField":"TimStore","DvTitle":"门店","ColTitle":"门店","ColWidth":120,"ColAlign":1,"ColHide":0,"ColOrder":4,"ColFrozen":0,"ColFormat":"0","ColSort":0,"ColExport":1,"ColQuery":1,"ColRelation":"Equal","FormArea":1,"FormUrl":"/Common/QueryMenu","FormType":"combotree","FormSpan":4,"FormHide":0,"FormOrder":5,"FormRequired":1,"FormPlaceholder":null,"FormValue":null,"FormText":null,"FormMaxlength":50},{"Id":"4c482a0b-e9a2-47e1-9680-de266b632fd4","TableName":"TempInvoiceMain","ColField":"TimId","DvTitle":"TimId","ColTitle":"TimId","ColWidth":120,"ColAlign":1,"ColHide":1,"ColOrder":1,"ColFrozen":0,"ColFormat":"0","ColSort":0,"ColExport":1,"ColQuery":0,"ColRelation":"","FormArea":1,"FormUrl":"","FormType":"text","FormSpan":1,"FormHide":1,"FormOrder":1,"FormRequired":0,"FormPlaceholder":"","FormValue":"","FormText":"","FormMaxlength":50},{"Id":"69b34a24-10ff-4cfa-839b-f821fd447f35","TableName":"TempInvoiceMain","ColField":"Spare1","DvTitle":"备用","ColTitle":"备用","ColWidth":120,"ColAlign":1,"ColHide":0,"ColOrder":13,"ColFrozen":0,"ColFormat":"0","ColSort":0,"ColExport":1,"ColQuery":0,"ColRelation":"","FormArea":1,"FormUrl":null,"FormType":"text","FormSpan":1,"FormHide":2,"FormOrder":13,"FormRequired":0,"FormPlaceholder":null,"FormValue":null,"FormText":null,"FormMaxlength":50},{"Id":"ef879206-94c7-49b0-8aa1-aefcdb9d3c9f","TableName":"TempInvoiceMain","ColField":"Spare2","DvTitle":"备用","ColTitle":"备用","ColWidth":120,"ColAlign":1,"ColHide":0,"ColOrder":14,"ColFrozen":0,"ColFormat":"0","ColSort":0,"ColExport":1,"ColQuery":0,"ColRelation":"","FormArea":1,"FormUrl":null,"FormType":"text","FormSpan":1,"FormHide":2,"FormOrder":14,"FormRequired":0,"FormPlaceholder":null,"FormValue":null,"FormText":null,"FormMaxlength":50},{"Id":"5a2480db-f828-4b62-8885-39c673b1e02a","TableName":"TempInvoiceMain","ColField":"Spare3","DvTitle":"备用","ColTitle":"备用","ColWidth":120,"ColAlign":1,"ColHide":0,"ColOrder":15,"ColFrozen":0,"ColFormat":"0","ColSort":0,"ColExport":1,"ColQuery":0,"ColRelation":"","FormArea":1,"FormUrl":null,"FormType":"text","FormSpan":1,"FormHide":2,"FormOrder":15,"FormRequired":0,"FormPlaceholder":null,"FormValue":null,"FormText":null,"FormMaxlength":50},{"Id":"a9866d1b-5193-44ae-ab33-8bf461dbabbe","TableName":"TempInvoiceMain","ColField":"TimNo","DvTitle":"单据号","ColTitle":"单据号","ColWidth":120,"ColAlign":1,"ColHide":0,"ColOrder":2,"ColFrozen":0,"ColFormat":"0","ColSort":0,"ColExport":1,"ColQuery":1,"ColRelation":"Contains,Equal","FormArea":1,"FormUrl":null,"FormType":"text","FormSpan":3,"FormHide":0,"FormOrder":2,"FormRequired":1,"FormPlaceholder":null,"FormValue":null,"FormText":null,"FormMaxlength":50},{"Id":"ff944de4-0177-4cf5-b373-e28f536fad39","TableName":"TempInvoiceMain","ColField":"TimType","DvTitle":"采购类型","ColTitle":"采购类型","ColWidth":120,"ColAlign":1,"ColHide":0,"ColOrder":5,"ColFrozen":0,"ColFormat":"0","ColSort":0,"ColExport":1,"ColQuery":1,"ColRelation":"Equal","FormArea":1,"FormUrl":"dataurl_timtype","FormType":"combobox","FormSpan":3,"FormHide":0,"FormOrder":4,"FormRequired":1,"FormPlaceholder":null,"FormValue":null,"FormText":null,"FormMaxlength":10},{"Id":"3b1482a9-2096-4c76-99c8-cce89a41bf1c","TableName":"TempInvoiceMain","ColField":"TimSupplier","DvTitle":"供应商","ColTitle":"供应商","ColWidth":120,"ColAlign":1,"ColHide":0,"ColOrder":6,"ColFrozen":0,"ColFormat":"0","ColSort":0,"ColExport":1,"ColQuery":1,"ColRelation":"Equal","FormArea":1,"FormUrl":"dataurl_timsupplier","FormType":"combobox","FormSpan":3,"FormHide":0,"FormOrder":6,"FormRequired":1,"FormPlaceholder":null,"FormValue":null,"FormText":null,"FormMaxlength":50},{"Id":"83fa6614-19c5-4935-9b5d-177e33fd88f5","TableName":"TempInvoiceMain","ColField":"TimDate","DvTitle":"单据日期","ColTitle":"单据日期","ColWidth":120,"ColAlign":1,"ColHide":0,"ColOrder":3,"ColFrozen":0,"ColFormat":"0","ColSort":0,"ColExport":1,"ColQuery":1,"ColRelation":"GreaterThanOrEqual,LessThanOrEqual,BetweenAnd","FormArea":1,"FormUrl":null,"FormType":"date","FormSpan":3,"FormHide":0,"FormOrder":3,"FormRequired":1,"FormPlaceholder":"输入日期","FormValue":null,"FormText":null,"FormMaxlength":23},{"Id":"051fe1e9-2f01-444f-a08c-2504c538fc71","TableName":"TempInvoiceMain","ColField":"TimOwnerId","DvTitle":"制单人","ColTitle":"制单人","ColWidth":120,"ColAlign":1,"ColHide":0,"ColOrder":9,"ColFrozen":0,"ColFormat":"0","ColSort":0,"ColExport":1,"ColQuery":0,"ColRelation":"","FormArea":2,"FormUrl":null,"FormType":"text","FormSpan":3,"FormHide":2,"FormOrder":9,"FormRequired":0,"FormPlaceholder":null,"FormValue":null,"FormText":null,"FormMaxlength":50},{"Id":"44cd81d4-4fc9-4964-92c5-ea509fbcee34","TableName":"TempInvoiceMain","ColField":"TimUser","DvTitle":"采购员","ColTitle":"采购员","ColWidth":120,"ColAlign":1,"ColHide":0,"ColOrder":7,"ColFrozen":0,"ColFormat":"0","ColSort":0,"ColExport":1,"ColQuery":0,"ColRelation":"","FormArea":2,"FormUrl":null,"FormType":"text","FormSpan":3,"FormHide":0,"FormOrder":8,"FormRequired":0,"FormPlaceholder":null,"FormValue":null,"FormText":null,"FormMaxlength":50},{"Id":"e4bf6fbb-86ab-44d5-986b-8e0c67388c58","TableName":"TempInvoiceMain","ColField":"TimCreateTime","DvTitle":"创建时间","ColTitle":"创建时间","ColWidth":120,"ColAlign":1,"ColHide":0,"ColOrder":11,"ColFrozen":0,"ColFormat":"0","ColSort":0,"ColExport":1,"ColQuery":0,"ColRelation":"","FormArea":2,"FormUrl":null,"FormType":"text","FormSpan":3,"FormHide":0,"FormOrder":11,"FormRequired":0,"FormPlaceholder":"默认系统时间","FormValue":null,"FormText":null,"FormMaxlength":23},{"Id":"5f3c858e-00bb-4235-b3de-413938169347","TableName":"TempInvoiceMain","ColField":"TimOwnerName","DvTitle":"制单人","ColTitle":"制单人","ColWidth":120,"ColAlign":1,"ColHide":0,"ColOrder":10,"ColFrozen":0,"ColFormat":"0","ColSort":0,"ColExport":1,"ColQuery":0,"ColRelation":"","FormArea":2,"FormUrl":null,"FormType":"text","FormSpan":3,"FormHide":0,"FormOrder":10,"FormRequired":0,"FormPlaceholder":"默认登录用户","FormValue":null,"FormText":null,"FormMaxlength":20},{"Id":"ed06a3fc-a3ce-4519-8699-4441b13f2913","TableName":"TempInvoiceMain","ColField":"TimRemark","DvTitle":"备注","ColTitle":"备注","ColWidth":120,"ColAlign":1,"ColHide":0,"ColOrder":8,"ColFrozen":0,"ColFormat":"0","ColSort":0,"ColExport":1,"ColQuery":0,"ColRelation":"","FormArea":2,"FormUrl":null,"FormType":"text","FormSpan":2,"FormHide":0,"FormOrder":7,"FormRequired":0,"FormPlaceholder":"请输入订单备注","FormValue":null,"FormText":null,"FormMaxlength":200},{"Id":"b502a460-c575-4f76-8514-f041b66f795f","TableName":"TempInvoiceMain","ColField":"TimStatus","DvTitle":"状态，1默认，2已审核，3未通过，4作废","ColTitle":"状态，1默认，2已审核，3未通过，4作废","ColWidth":120,"ColAlign":1,"ColHide":0,"ColOrder":12,"ColFrozen":0,"ColFormat":"0","ColSort":0,"ColExport":1,"ColQuery":0,"ColRelation":"","FormArea":1,"FormUrl":null,"FormType":"text","FormSpan":1,"FormHide":2,"FormOrder":12,"FormRequired":0,"FormPlaceholder":null,"FormValue":null,"FormText":null,"FormMaxlength":10}],"SysUser":[{"SuId":"0ad60901-33d9-4bda-99c3-e720dd0685d7","SrId":"58307c67-76b8-4156-bde3-f307f4da25e9","SuName":"test","SuPwd":"098f6bcd4621d373cade4e832627b4f6","SuNickname":"test","SuCreateTime":"2018-04-21 19:49:51","SuStatus":1,"SuSign":null,"SuGroup":null},{"SuId":"F9A19BAB-49C3-4131-AEFC-FB80FAAE579A","SrId":"E663CE67-E9CA-4441-AB77-DC267C22C683","SuName":"admin","SuPwd":"21232f297a57a5a743894a0e4a801fc3","SuNickname":"管理员","SuCreateTime":"2018-02-14 09:33:00","SuStatus":1,"SuSign":null,"SuGroup":1}],"TempExample":[],"TempInvoiceDetail":[{"TidId":"897dfbb3-c975-4e93-ab0b-d302769b0509","TimId":"3b750ae8-0b7b-47f3-84ea-4eea75a3939c","TimNo":null,"TidOrder":null,"GoodsId":"明细3","GoodsCount":3,"GoodsCost":4.00,"GoodsPrice":5.00,"Spare1":null,"Spare2":null,"Spare3":null},{"TidId":"e78bee72-94d1-4ff8-a450-f609890ccb84","TimId":"3b750ae8-0b7b-47f3-84ea-4eea75a3939c","TimNo":null,"TidOrder":null,"GoodsId":"明细2","GoodsCount":1,"GoodsCost":2.00,"GoodsPrice":3.00,"Spare1":null,"Spare2":null,"Spare3":null},{"TidId":"ee0d3d87-12d8-4f36-ac92-c14d60083328","TimId":"3b750ae8-0b7b-47f3-84ea-4eea75a3939c","TimNo":null,"TidOrder":null,"GoodsId":"商品名称（浏览商品表，带出商品属性）","GoodsCount":5,"GoodsCost":10.00,"GoodsPrice":12.00,"Spare1":null,"Spare2":null,"Spare3":null}],"TempInvoiceMain":[{"TimId":"3b750ae8-0b7b-47f3-84ea-4eea75a3939c","TimNo":"1001","TimDate":"2019-08-29 00:00:00","TimStore":"813984B9-06CA-4D85-AD82-3C4AD2CB834E","TimType":1,"TimSupplier":"2","TimUser":"netnr","TimRemark":"测试信息，单据明细表，浏览模态框、下拉列表等输入模式支持需逐步完善","TimOwnerId":null,"TimOwnerName":null,"TimCreateTime":"2019-08-29 15:54:14","TimStatus":null,"Spare1":null,"Spare2":null,"Spare3":null}]},"startTime":"2019-12-05 06:57:31","endTime":null,"useTime":188.9968}
